<?xml version="1.0"?>
<BundleData>
  <bundleItemsData>
    <bundleItemData itemId="9978dd0a-4b45-44a9-aba8-b50c75ed1b84" dataTypeName="Sage.Platform.Projects.Localization.ResourcePackageCollection, Sage.Platform.Projects">
      <ArrayOfResourcePackage xmlns:xsi="http://www.w3.org/2001/XMLSchema-instance" xmlns:xsd="http://www.w3.org/2001/XMLSchema">
        <ResourcePackage>
          <ResourceKey>NavHistory.DisplayName</ResourceKey>
          <Items>
            <ResourcePackageItem>
              <IsString>true</IsString>
              <CultureName />
              <SerializedResourceData>NavHistory</SerializedResourceData>
            </ResourcePackageItem>
          </Items>
        </ResourcePackage>
        <ResourcePackage>
          <ResourceKey>NavHistory.DisplayNamePlural</ResourceKey>
          <Items />
        </ResourcePackage>
        <ResourcePackage>
          <ResourceKey>NavHistory.Navhistoryid.DisplayName</ResourceKey>
          <Items>
            <ResourcePackageItem>
              <IsString>true</IsString>
              <CultureName />
              <SerializedResourceData>Navhistoryid</SerializedResourceData>
            </ResourcePackageItem>
          </Items>
        </ResourcePackage>
        <ResourcePackage>
          <ResourceKey>NavHistory.CreateUser.DisplayName</ResourceKey>
          <Items>
            <ResourcePackageItem>
              <IsString>true</IsString>
              <CultureName />
              <SerializedResourceData>Createuser</SerializedResourceData>
            </ResourcePackageItem>
          </Items>
        </ResourcePackage>
        <ResourcePackage>
          <ResourceKey>NavHistory.CreateDate.DisplayName</ResourceKey>
          <Items>
            <ResourcePackageItem>
              <IsString>true</IsString>
              <CultureName />
              <SerializedResourceData>Createdate</SerializedResourceData>
            </ResourcePackageItem>
          </Items>
        </ResourcePackage>
        <ResourcePackage>
          <ResourceKey>NavHistory.ModifyUser.DisplayName</ResourceKey>
          <Items>
            <ResourcePackageItem>
              <IsString>true</IsString>
              <CultureName />
              <SerializedResourceData>Modifyuser</SerializedResourceData>
            </ResourcePackageItem>
          </Items>
        </ResourcePackage>
        <ResourcePackage>
          <ResourceKey>NavHistory.ModifyDate.DisplayName</ResourceKey>
          <Items>
            <ResourcePackageItem>
              <IsString>true</IsString>
              <CultureName />
              <SerializedResourceData>Modifydate</SerializedResourceData>
            </ResourcePackageItem>
          </Items>
        </ResourcePackage>
        <ResourcePackage>
          <ResourceKey>NavHistory.UserId.DisplayName</ResourceKey>
          <Items>
            <ResourcePackageItem>
              <IsString>true</IsString>
              <CultureName />
              <SerializedResourceData>UserId</SerializedResourceData>
            </ResourcePackageItem>
          </Items>
        </ResourcePackage>
        <ResourcePackage>
          <ResourceKey>NavHistory.UserName.DisplayName</ResourceKey>
          <Items>
            <ResourcePackageItem>
              <IsString>true</IsString>
              <CultureName />
              <SerializedResourceData>UserName</SerializedResourceData>
            </ResourcePackageItem>
          </Items>
        </ResourcePackage>
        <ResourcePackage>
          <ResourceKey>NavHistory.Description.DisplayName</ResourceKey>
          <Items>
            <ResourcePackageItem>
              <IsString>true</IsString>
              <CultureName />
              <SerializedResourceData>Description</SerializedResourceData>
            </ResourcePackageItem>
          </Items>
        </ResourcePackage>
        <ResourcePackage>
          <ResourceKey>NavHistory.Application.DisplayName</ResourceKey>
          <Items>
            <ResourcePackageItem>
              <IsString>true</IsString>
              <CultureName />
              <SerializedResourceData>Application</SerializedResourceData>
            </ResourcePackageItem>
          </Items>
        </ResourcePackage>
        <ResourcePackage>
          <ResourceKey>NavHistory.NavFrom.DisplayName</ResourceKey>
          <Items>
            <ResourcePackageItem>
              <IsString>true</IsString>
              <CultureName />
              <SerializedResourceData>NavFrom</SerializedResourceData>
            </ResourcePackageItem>
          </Items>
        </ResourcePackage>
        <ResourcePackage>
          <ResourceKey>NavHistory.NavTo.DisplayName</ResourceKey>
          <Items>
            <ResourcePackageItem>
              <IsString>true</IsString>
              <CultureName />
              <SerializedResourceData>NavTo</SerializedResourceData>
            </ResourcePackageItem>
          </Items>
        </ResourcePackage>
        <ResourcePackage>
          <ResourceKey>NavHistory.Context.DisplayName</ResourceKey>
          <Items>
            <ResourcePackageItem>
              <IsString>true</IsString>
              <CultureName />
              <SerializedResourceData>Context</SerializedResourceData>
            </ResourcePackageItem>
          </Items>
        </ResourcePackage>
        <ResourcePackage>
          <ResourceKey>NavHistory.FromContext.DisplayName</ResourceKey>
          <Items>
            <ResourcePackageItem>
              <IsString>true</IsString>
              <CultureName />
              <SerializedResourceData>FromContext</SerializedResourceData>
            </ResourcePackageItem>
          </Items>
        </ResourcePackage>
        <ResourcePackage>
          <ResourceKey>NavHistory.Subject.DisplayName</ResourceKey>
          <Items>
            <ResourcePackageItem>
              <IsString>true</IsString>
              <CultureName />
              <SerializedResourceData>Subject</SerializedResourceData>
            </ResourcePackageItem>
          </Items>
        </ResourcePackage>
        <ResourcePackage>
          <ResourceKey>NavHistory.Category.DisplayName</ResourceKey>
          <Items>
            <ResourcePackageItem>
              <IsString>true</IsString>
              <CultureName />
              <SerializedResourceData>Category</SerializedResourceData>
            </ResourcePackageItem>
          </Items>
        </ResourcePackage>
        <ResourcePackage>
          <ResourceKey>NavHistory.Area.DisplayName</ResourceKey>
          <Items>
            <ResourcePackageItem>
              <IsString>true</IsString>
              <CultureName />
              <SerializedResourceData>Area</SerializedResourceData>
            </ResourcePackageItem>
          </Items>
        </ResourcePackage>
        <ResourcePackage>
          <ResourceKey>NavHistory.EntityId.DisplayName</ResourceKey>
          <Items>
            <ResourcePackageItem>
              <IsString>true</IsString>
              <CultureName />
              <SerializedResourceData>EntityId</SerializedResourceData>
            </ResourcePackageItem>
          </Items>
        </ResourcePackage>
        <ResourcePackage>
          <ResourceKey>NavHistory.EntityType.DisplayName</ResourceKey>
          <Items>
            <ResourcePackageItem>
              <IsString>true</IsString>
              <CultureName />
              <SerializedResourceData>EntityType</SerializedResourceData>
            </ResourcePackageItem>
          </Items>
        </ResourcePackage>
        <ResourcePackage>
          <ResourceKey>NavHistory.ResourceKind.DisplayName</ResourceKey>
          <Items>
            <ResourcePackageItem>
              <IsString>true</IsString>
              <CultureName />
              <SerializedResourceData>ResourceKind</SerializedResourceData>
            </ResourcePackageItem>
          </Items>
        </ResourcePackage>
        <ResourcePackage>
          <ResourceKey>NavHistory.ViewId.DisplayName</ResourceKey>
          <Items>
            <ResourcePackageItem>
              <IsString>true</IsString>
              <CultureName />
              <SerializedResourceData>ViewId</SerializedResourceData>
            </ResourcePackageItem>
          </Items>
        </ResourcePackage>
        <ResourcePackage>
          <ResourceKey>NavHistory.ViewName.DisplayName</ResourceKey>
          <Items>
            <ResourcePackageItem>
              <IsString>true</IsString>
              <CultureName />
              <SerializedResourceData>ViewName</SerializedResourceData>
            </ResourcePackageItem>
          </Items>
        </ResourcePackage>
        <ResourcePackage>
          <ResourceKey>NavHistory.Filter.Area.DisplayName</ResourceKey>
          <Items>
            <ResourcePackageItem>
              <IsString>true</IsString>
              <CultureName />
              <SerializedResourceData>Area</SerializedResourceData>
            </ResourcePackageItem>
          </Items>
        </ResourcePackage>
        <ResourcePackage>
          <ResourceKey>NavHistory.Filter.Area.AnalyticsDescription</ResourceKey>
          <Items />
        </ResourcePackage>
        <ResourcePackage>
          <ResourceKey>NavHistory.Filter.Category.DisplayName</ResourceKey>
          <Items>
            <ResourcePackageItem>
              <IsString>true</IsString>
              <CultureName />
              <SerializedResourceData>Category</SerializedResourceData>
            </ResourcePackageItem>
          </Items>
        </ResourcePackage>
        <ResourcePackage>
          <ResourceKey>NavHistory.Filter.Category.AnalyticsDescription</ResourceKey>
          <Items />
        </ResourcePackage>
        <ResourcePackage>
          <ResourceKey>NavHistory.Filter.Description.DisplayName</ResourceKey>
          <Items>
            <ResourcePackageItem>
              <IsString>true</IsString>
              <CultureName />
              <SerializedResourceData>Description</SerializedResourceData>
            </ResourcePackageItem>
          </Items>
        </ResourcePackage>
        <ResourcePackage>
          <ResourceKey>NavHistory.Filter.Description.AnalyticsDescription</ResourceKey>
          <Items />
        </ResourcePackage>
        <ResourcePackage>
          <ResourceKey>NavHistory.Filter.EntityId.DisplayName</ResourceKey>
          <Items>
            <ResourcePackageItem>
              <IsString>true</IsString>
              <CultureName />
              <SerializedResourceData>EntityId</SerializedResourceData>
            </ResourcePackageItem>
          </Items>
        </ResourcePackage>
        <ResourcePackage>
          <ResourceKey>NavHistory.Filter.EntityId.AnalyticsDescription</ResourceKey>
          <Items />
        </ResourcePackage>
        <ResourcePackage>
          <ResourceKey>NavHistory.Filter.EntityType.DisplayName</ResourceKey>
          <Items>
            <ResourcePackageItem>
              <IsString>true</IsString>
              <CultureName />
              <SerializedResourceData>EntityType</SerializedResourceData>
            </ResourcePackageItem>
          </Items>
        </ResourcePackage>
        <ResourcePackage>
          <ResourceKey>NavHistory.Filter.EntityType.AnalyticsDescription</ResourceKey>
          <Items />
        </ResourcePackage>
        <ResourcePackage>
          <ResourceKey>NavHistory.Filter.NavCount.DisplayName</ResourceKey>
          <Items>
            <ResourcePackageItem>
              <IsString>true</IsString>
              <CultureName />
              <SerializedResourceData>Nav Count</SerializedResourceData>
            </ResourcePackageItem>
          </Items>
        </ResourcePackage>
        <ResourcePackage>
          <ResourceKey>NavHistory.Filter.NavCount.AnalyticsDescription</ResourceKey>
          <Items />
        </ResourcePackage>
        <ResourcePackage>
          <ResourceKey>NavHistory.Filter.ResourceKind.DisplayName</ResourceKey>
          <Items>
            <ResourcePackageItem>
              <IsString>true</IsString>
              <CultureName />
              <SerializedResourceData>ResourceKind</SerializedResourceData>
            </ResourcePackageItem>
          </Items>
        </ResourcePackage>
        <ResourcePackage>
          <ResourceKey>NavHistory.Filter.ResourceKind.AnalyticsDescription</ResourceKey>
          <Items />
        </ResourcePackage>
        <ResourcePackage>
          <ResourceKey>NavHistory.Filter.Subject.DisplayName</ResourceKey>
          <Items>
            <ResourcePackageItem>
              <IsString>true</IsString>
              <CultureName />
              <SerializedResourceData>Subject</SerializedResourceData>
            </ResourcePackageItem>
          </Items>
        </ResourcePackage>
        <ResourcePackage>
          <ResourceKey>NavHistory.Filter.Subject.AnalyticsDescription</ResourceKey>
          <Items />
        </ResourcePackage>
        <ResourcePackage>
          <ResourceKey>NavHistory.Filter.ViewType.DisplayName</ResourceKey>
          <Items>
            <ResourcePackageItem>
              <IsString>true</IsString>
              <CultureName />
              <SerializedResourceData>View Type</SerializedResourceData>
            </ResourcePackageItem>
          </Items>
        </ResourcePackage>
        <ResourcePackage>
          <ResourceKey>NavHistory.Filter.ViewType.AnalyticsDescription</ResourceKey>
          <Items />
        </ResourcePackage>
        <ResourcePackage>
          <ResourceKey>NavHistory.Filter.ViiewName.DisplayName</ResourceKey>
          <Items>
            <ResourcePackageItem>
              <IsString>true</IsString>
              <CultureName />
              <SerializedResourceData>ViiewName</SerializedResourceData>
            </ResourcePackageItem>
          </Items>
        </ResourcePackage>
        <ResourcePackage>
          <ResourceKey>NavHistory.Filter.ViiewName.AnalyticsDescription</ResourceKey>
          <Items />
        </ResourcePackage>
      </ArrayOfResourcePackage>
      <ArrayOfString xmlns:xsi="http://www.w3.org/2001/XMLSchema-instance" xmlns:xsd="http://www.w3.org/2001/XMLSchema" />
    </bundleItemData>
    <bundleItemData itemId="277a22b1-b997-4d96-924a-2c79f1c82175" dataTypeName="Sage.Platform.Orm.Entities.BundleSupport.PropertyBundleItem+PropertyData, Sage.Platform">
      <PropertyData xmlns:xsi="http://www.w3.org/2001/XMLSchema-instance" xmlns:xsd="http://www.w3.org/2001/XMLSchema">
        <Resources>
          <ResourcePackage>
            <ResourceKey>NavHistory.Navhistoryid.DisplayName</ResourceKey>
            <Items>
              <ResourcePackageItem>
                <IsString>true</IsString>
                <CultureName />
                <SerializedResourceData>Navhistoryid</SerializedResourceData>
              </ResourcePackageItem>
            </Items>
          </ResourcePackage>
        </Resources>
        <Property xsi:type="OrmFieldProperty" id="277a22b1-b997-4d96-924a-2c79f1c82175" lastModifiedUtc="2013-10-17T20:51:46.6958536Z" name="Navhistoryid" audited="false" isNullable="false" columnName="NAVHISTORYID" maxLength="12" precision="0" scale="0" ordinal="0" isReadOnly="false">
          <ExtendedPropertiesCollection>
            <extendee type="Sage.Platform.Orm.Entities.OrmFieldProperty">
              <extender guid="ae60621d-9d91-3d9a-b9fb-eb6c8be12131">
                <OrmEntityPropertySDataExtension generate="true" />
              </extender>
            </extendee>
          </ExtendedPropertiesCollection>
          <SystemDataType guid="30053f5a-8d40-4db1-b185-1e4128eb26cc">
            <StandardIdDataType />
          </SystemDataType>
        </Property>
      </PropertyData>
      <ArrayOfString xmlns:xsi="http://www.w3.org/2001/XMLSchema-instance" xmlns:xsd="http://www.w3.org/2001/XMLSchema" />
    </bundleItemData>
    <bundleItemData itemId="2f2b5b63-6e3e-404c-8407-7a2caf4a766e" dataTypeName="Sage.Platform.Orm.Entities.BundleSupport.PropertyBundleItem+PropertyData, Sage.Platform">
      <PropertyData xmlns:xsi="http://www.w3.org/2001/XMLSchema-instance" xmlns:xsd="http://www.w3.org/2001/XMLSchema">
        <Resources>
          <ResourcePackage>
            <ResourceKey>NavHistory.CreateUser.DisplayName</ResourceKey>
            <Items>
              <ResourcePackageItem>
                <IsString>true</IsString>
                <CultureName />
                <SerializedResourceData>Createuser</SerializedResourceData>
              </ResourcePackageItem>
            </Items>
          </ResourcePackage>
        </Resources>
        <Property xsi:type="OrmFieldProperty" id="2f2b5b63-6e3e-404c-8407-7a2caf4a766e" lastModifiedUtc="2013-10-17T20:51:46.7114536Z" name="CreateUser" audited="false" columnName="CREATEUSER" maxLength="12" precision="0" scale="0" ordinal="1" isReadOnly="false">
          <ExtendedPropertiesCollection>
            <extendee type="Sage.Platform.Orm.Entities.OrmFieldProperty">
              <extender guid="ae60621d-9d91-3d9a-b9fb-eb6c8be12131">
                <OrmEntityPropertySDataExtension generate="true" />
              </extender>
            </extendee>
          </ExtendedPropertiesCollection>
          <SystemDataType guid="30053f5a-8d40-4db1-b185-1e4128eb26cc">
            <StandardIdDataType />
          </SystemDataType>
        </Property>
      </PropertyData>
      <ArrayOfString xmlns:xsi="http://www.w3.org/2001/XMLSchema-instance" xmlns:xsd="http://www.w3.org/2001/XMLSchema" />
    </bundleItemData>
    <bundleItemData itemId="0f2b8c4c-cd74-431f-95c1-c31aa988ac95" dataTypeName="Sage.Platform.Orm.Entities.BundleSupport.PropertyBundleItem+PropertyData, Sage.Platform">
      <PropertyData xmlns:xsi="http://www.w3.org/2001/XMLSchema-instance" xmlns:xsd="http://www.w3.org/2001/XMLSchema">
        <Resources>
          <ResourcePackage>
            <ResourceKey>NavHistory.CreateDate.DisplayName</ResourceKey>
            <Items>
              <ResourcePackageItem>
                <IsString>true</IsString>
                <CultureName />
                <SerializedResourceData>Createdate</SerializedResourceData>
              </ResourcePackageItem>
            </Items>
          </ResourcePackage>
        </Resources>
        <Property xsi:type="OrmFieldProperty" id="0f2b8c4c-cd74-431f-95c1-c31aa988ac95" lastModifiedUtc="2013-10-17T20:51:46.7114536Z" name="CreateDate" audited="false" columnName="CREATEDATE" maxLength="0" precision="0" scale="0" ordinal="2" isReadOnly="false">
          <ExtendedPropertiesCollection>
            <extendee type="Sage.Platform.Orm.Entities.OrmFieldProperty">
              <extender guid="ae60621d-9d91-3d9a-b9fb-eb6c8be12131">
                <OrmEntityPropertySDataExtension generate="true" />
              </extender>
            </extendee>
          </ExtendedPropertiesCollection>
          <SystemDataType guid="1f08f2eb-87c8-443b-a7c2-a51f590923f5">
            <DateTimeDataType />
          </SystemDataType>
        </Property>
      </PropertyData>
      <ArrayOfString xmlns:xsi="http://www.w3.org/2001/XMLSchema-instance" xmlns:xsd="http://www.w3.org/2001/XMLSchema" />
    </bundleItemData>
    <bundleItemData itemId="4d4b7754-28d3-4183-94af-fc41ea4ac568" dataTypeName="Sage.Platform.Orm.Entities.BundleSupport.PropertyBundleItem+PropertyData, Sage.Platform">
      <PropertyData xmlns:xsi="http://www.w3.org/2001/XMLSchema-instance" xmlns:xsd="http://www.w3.org/2001/XMLSchema">
        <Resources>
          <ResourcePackage>
            <ResourceKey>NavHistory.ModifyUser.DisplayName</ResourceKey>
            <Items>
              <ResourcePackageItem>
                <IsString>true</IsString>
                <CultureName />
                <SerializedResourceData>Modifyuser</SerializedResourceData>
              </ResourcePackageItem>
            </Items>
          </ResourcePackage>
        </Resources>
        <Property xsi:type="OrmFieldProperty" id="4d4b7754-28d3-4183-94af-fc41ea4ac568" lastModifiedUtc="2013-10-17T20:51:46.7114536Z" name="ModifyUser" audited="false" columnName="MODIFYUSER" maxLength="12" precision="0" scale="0" ordinal="3" isReadOnly="false">
          <ExtendedPropertiesCollection>
            <extendee type="Sage.Platform.Orm.Entities.OrmFieldProperty">
              <extender guid="ae60621d-9d91-3d9a-b9fb-eb6c8be12131">
                <OrmEntityPropertySDataExtension generate="true" />
              </extender>
            </extendee>
          </ExtendedPropertiesCollection>
          <SystemDataType guid="30053f5a-8d40-4db1-b185-1e4128eb26cc">
            <StandardIdDataType />
          </SystemDataType>
        </Property>
      </PropertyData>
      <ArrayOfString xmlns:xsi="http://www.w3.org/2001/XMLSchema-instance" xmlns:xsd="http://www.w3.org/2001/XMLSchema" />
    </bundleItemData>
    <bundleItemData itemId="fd7af621-90c9-4ed2-a283-28247f2767d9" dataTypeName="Sage.Platform.Orm.Entities.BundleSupport.PropertyBundleItem+PropertyData, Sage.Platform">
      <PropertyData xmlns:xsi="http://www.w3.org/2001/XMLSchema-instance" xmlns:xsd="http://www.w3.org/2001/XMLSchema">
        <Resources>
          <ResourcePackage>
            <ResourceKey>NavHistory.ModifyDate.DisplayName</ResourceKey>
            <Items>
              <ResourcePackageItem>
                <IsString>true</IsString>
                <CultureName />
                <SerializedResourceData>Modifydate</SerializedResourceData>
              </ResourcePackageItem>
            </Items>
          </ResourcePackage>
        </Resources>
        <Property xsi:type="OrmFieldProperty" id="fd7af621-90c9-4ed2-a283-28247f2767d9" lastModifiedUtc="2013-10-17T20:51:46.7114536Z" name="ModifyDate" audited="false" columnName="MODIFYDATE" maxLength="0" precision="0" scale="0" ordinal="4" isReadOnly="false">
          <ExtendedPropertiesCollection>
            <extendee type="Sage.Platform.Orm.Entities.OrmFieldProperty">
              <extender guid="ae60621d-9d91-3d9a-b9fb-eb6c8be12131">
                <OrmEntityPropertySDataExtension generate="true" />
              </extender>
            </extendee>
          </ExtendedPropertiesCollection>
          <SystemDataType guid="1f08f2eb-87c8-443b-a7c2-a51f590923f5">
            <DateTimeDataType />
          </SystemDataType>
        </Property>
      </PropertyData>
      <ArrayOfString xmlns:xsi="http://www.w3.org/2001/XMLSchema-instance" xmlns:xsd="http://www.w3.org/2001/XMLSchema" />
    </bundleItemData>
    <bundleItemData itemId="e53d86c1-af27-42b2-87c1-69cd1c022aca" dataTypeName="Sage.Platform.Orm.Entities.BundleSupport.PropertyBundleItem+PropertyData, Sage.Platform">
      <PropertyData xmlns:xsi="http://www.w3.org/2001/XMLSchema-instance" xmlns:xsd="http://www.w3.org/2001/XMLSchema">
        <Resources>
          <ResourcePackage>
            <ResourceKey>NavHistory.UserId.DisplayName</ResourceKey>
            <Items>
              <ResourcePackageItem>
                <IsString>true</IsString>
                <CultureName />
                <SerializedResourceData>UserId</SerializedResourceData>
              </ResourcePackageItem>
            </Items>
          </ResourcePackage>
        </Resources>
        <Property xsi:type="OrmFieldProperty" id="e53d86c1-af27-42b2-87c1-69cd1c022aca" lastModifiedUtc="2013-10-17T20:51:46.7114536Z" name="UserId" audited="false" columnName="USERID" maxLength="12" precision="0" scale="0" ordinal="5" isReadOnly="false">
          <ExtendedPropertiesCollection>
            <extendee type="Sage.Platform.Orm.Entities.OrmFieldProperty">
              <extender guid="ae60621d-9d91-3d9a-b9fb-eb6c8be12131">
                <OrmEntityPropertySDataExtension generate="true" />
              </extender>
            </extendee>
          </ExtendedPropertiesCollection>
          <SystemDataType guid="30053f5a-8d40-4db1-b185-1e4128eb26cc">
            <StandardIdDataType />
          </SystemDataType>
        </Property>
      </PropertyData>
      <ArrayOfString xmlns:xsi="http://www.w3.org/2001/XMLSchema-instance" xmlns:xsd="http://www.w3.org/2001/XMLSchema" />
    </bundleItemData>
    <bundleItemData itemId="4c2024d9-1be9-4fb7-aa72-f2576a4339e2" dataTypeName="Sage.Platform.Orm.Entities.BundleSupport.PropertyBundleItem+PropertyData, Sage.Platform">
      <PropertyData xmlns:xsi="http://www.w3.org/2001/XMLSchema-instance" xmlns:xsd="http://www.w3.org/2001/XMLSchema">
        <Resources>
          <ResourcePackage>
            <ResourceKey>NavHistory.UserName.DisplayName</ResourceKey>
            <Items>
              <ResourcePackageItem>
                <IsString>true</IsString>
                <CultureName />
                <SerializedResourceData>UserName</SerializedResourceData>
              </ResourcePackageItem>
            </Items>
          </ResourcePackage>
        </Resources>
        <Property xsi:type="OrmFieldProperty" id="4c2024d9-1be9-4fb7-aa72-f2576a4339e2" lastModifiedUtc="2013-10-17T20:51:46.7114536Z" name="UserName" audited="false" columnName="USERNAME" maxLength="255" precision="0" scale="0" ordinal="6" isReadOnly="false">
          <ExtendedPropertiesCollection>
            <extendee type="Sage.Platform.Orm.Entities.OrmFieldProperty">
              <extender guid="ae60621d-9d91-3d9a-b9fb-eb6c8be12131">
                <OrmEntityPropertySDataExtension generate="true" />
              </extender>
            </extendee>
          </ExtendedPropertiesCollection>
          <SystemDataType guid="ccc0f01d-7ba5-408e-8526-a3f942354b3a">
            <TextDataType>
              <Length>255</Length>
            </TextDataType>
          </SystemDataType>
        </Property>
      </PropertyData>
      <ArrayOfString xmlns:xsi="http://www.w3.org/2001/XMLSchema-instance" xmlns:xsd="http://www.w3.org/2001/XMLSchema" />
    </bundleItemData>
    <bundleItemData itemId="7165d416-64d4-4948-9f0c-47b7b1ef7d53" dataTypeName="Sage.Platform.Orm.Entities.BundleSupport.PropertyBundleItem+PropertyData, Sage.Platform">
      <PropertyData xmlns:xsi="http://www.w3.org/2001/XMLSchema-instance" xmlns:xsd="http://www.w3.org/2001/XMLSchema">
        <Resources>
          <ResourcePackage>
            <ResourceKey>NavHistory.Description.DisplayName</ResourceKey>
            <Items>
              <ResourcePackageItem>
                <IsString>true</IsString>
                <CultureName />
                <SerializedResourceData>Description</SerializedResourceData>
              </ResourcePackageItem>
            </Items>
          </ResourcePackage>
        </Resources>
        <Property xsi:type="OrmFieldProperty" id="7165d416-64d4-4948-9f0c-47b7b1ef7d53" lastModifiedUtc="2013-10-17T20:51:46.7270537Z" name="Description" audited="false" columnName="DESCRIPTION" maxLength="255" precision="0" scale="0" ordinal="7" isReadOnly="false">
          <ExtendedPropertiesCollection>
            <extendee type="Sage.Platform.Orm.Entities.OrmFieldProperty">
              <extender guid="ae60621d-9d91-3d9a-b9fb-eb6c8be12131">
                <OrmEntityPropertySDataExtension generate="true" />
              </extender>
            </extendee>
          </ExtendedPropertiesCollection>
          <SystemDataType guid="ccc0f01d-7ba5-408e-8526-a3f942354b3a">
            <TextDataType>
              <Length>255</Length>
            </TextDataType>
          </SystemDataType>
        </Property>
      </PropertyData>
      <ArrayOfString xmlns:xsi="http://www.w3.org/2001/XMLSchema-instance" xmlns:xsd="http://www.w3.org/2001/XMLSchema" />
    </bundleItemData>
    <bundleItemData itemId="a3627e91-c101-4ddf-a2df-64003684053a" dataTypeName="Sage.Platform.Orm.Entities.BundleSupport.PropertyBundleItem+PropertyData, Sage.Platform">
      <PropertyData xmlns:xsi="http://www.w3.org/2001/XMLSchema-instance" xmlns:xsd="http://www.w3.org/2001/XMLSchema">
        <Resources>
          <ResourcePackage>
            <ResourceKey>NavHistory.Application.DisplayName</ResourceKey>
            <Items>
              <ResourcePackageItem>
                <IsString>true</IsString>
                <CultureName />
                <SerializedResourceData>Application</SerializedResourceData>
              </ResourcePackageItem>
            </Items>
          </ResourcePackage>
        </Resources>
        <Property xsi:type="OrmFieldProperty" id="a3627e91-c101-4ddf-a2df-64003684053a" lastModifiedUtc="2013-10-17T20:51:46.7270537Z" name="Application" audited="false" columnName="APPLICATION" maxLength="128" precision="0" scale="0" ordinal="8" isReadOnly="false">
          <ExtendedPropertiesCollection>
            <extendee type="Sage.Platform.Orm.Entities.OrmFieldProperty">
              <extender guid="ae60621d-9d91-3d9a-b9fb-eb6c8be12131">
                <OrmEntityPropertySDataExtension generate="true" />
              </extender>
            </extendee>
          </ExtendedPropertiesCollection>
          <SystemDataType guid="ccc0f01d-7ba5-408e-8526-a3f942354b3a">
            <TextDataType>
              <Length>128</Length>
            </TextDataType>
          </SystemDataType>
        </Property>
      </PropertyData>
      <ArrayOfString xmlns:xsi="http://www.w3.org/2001/XMLSchema-instance" xmlns:xsd="http://www.w3.org/2001/XMLSchema" />
    </bundleItemData>
    <bundleItemData itemId="437a1fca-1644-46ca-ba86-b8123e6bdfb9" dataTypeName="Sage.Platform.Orm.Entities.BundleSupport.PropertyBundleItem+PropertyData, Sage.Platform">
      <PropertyData xmlns:xsi="http://www.w3.org/2001/XMLSchema-instance" xmlns:xsd="http://www.w3.org/2001/XMLSchema">
        <Resources>
          <ResourcePackage>
            <ResourceKey>NavHistory.NavFrom.DisplayName</ResourceKey>
            <Items>
              <ResourcePackageItem>
                <IsString>true</IsString>
                <CultureName />
                <SerializedResourceData>NavFrom</SerializedResourceData>
              </ResourcePackageItem>
            </Items>
          </ResourcePackage>
        </Resources>
        <Property xsi:type="OrmFieldProperty" id="437a1fca-1644-46ca-ba86-b8123e6bdfb9" lastModifiedUtc="2013-10-17T20:51:46.7270537Z" name="NavFrom" audited="false" columnName="NAVFROM" maxLength="128" precision="0" scale="0" ordinal="9" isReadOnly="false">
          <ExtendedPropertiesCollection>
            <extendee type="Sage.Platform.Orm.Entities.OrmFieldProperty">
              <extender guid="ae60621d-9d91-3d9a-b9fb-eb6c8be12131">
                <OrmEntityPropertySDataExtension generate="true" />
              </extender>
            </extendee>
          </ExtendedPropertiesCollection>
          <SystemDataType guid="ccc0f01d-7ba5-408e-8526-a3f942354b3a">
            <TextDataType>
              <Length>128</Length>
            </TextDataType>
          </SystemDataType>
        </Property>
      </PropertyData>
      <ArrayOfString xmlns:xsi="http://www.w3.org/2001/XMLSchema-instance" xmlns:xsd="http://www.w3.org/2001/XMLSchema" />
    </bundleItemData>
    <bundleItemData itemId="dc694cfe-f32e-45b2-b82d-0c002bdda4e4" dataTypeName="Sage.Platform.Orm.Entities.BundleSupport.PropertyBundleItem+PropertyData, Sage.Platform">
      <PropertyData xmlns:xsi="http://www.w3.org/2001/XMLSchema-instance" xmlns:xsd="http://www.w3.org/2001/XMLSchema">
        <Resources>
          <ResourcePackage>
            <ResourceKey>NavHistory.NavTo.DisplayName</ResourceKey>
            <Items>
              <ResourcePackageItem>
                <IsString>true</IsString>
                <CultureName />
                <SerializedResourceData>NavTo</SerializedResourceData>
              </ResourcePackageItem>
            </Items>
          </ResourcePackage>
        </Resources>
        <Property xsi:type="OrmFieldProperty" id="dc694cfe-f32e-45b2-b82d-0c002bdda4e4" lastModifiedUtc="2013-10-17T20:51:46.7270537Z" name="NavTo" audited="false" columnName="NAVTO" maxLength="255" precision="0" scale="0" ordinal="10" isReadOnly="false">
          <ExtendedPropertiesCollection>
            <extendee type="Sage.Platform.Orm.Entities.OrmFieldProperty">
              <extender guid="ae60621d-9d91-3d9a-b9fb-eb6c8be12131">
                <OrmEntityPropertySDataExtension generate="true" />
              </extender>
            </extendee>
          </ExtendedPropertiesCollection>
          <SystemDataType guid="ccc0f01d-7ba5-408e-8526-a3f942354b3a">
            <TextDataType>
              <Length>255</Length>
            </TextDataType>
          </SystemDataType>
        </Property>
      </PropertyData>
      <ArrayOfString xmlns:xsi="http://www.w3.org/2001/XMLSchema-instance" xmlns:xsd="http://www.w3.org/2001/XMLSchema" />
    </bundleItemData>
    <bundleItemData itemId="6088c770-24b7-437f-b566-3a040730e945" dataTypeName="Sage.Platform.Orm.Entities.BundleSupport.PropertyBundleItem+PropertyData, Sage.Platform">
      <PropertyData xmlns:xsi="http://www.w3.org/2001/XMLSchema-instance" xmlns:xsd="http://www.w3.org/2001/XMLSchema">
        <Resources>
          <ResourcePackage>
            <ResourceKey>NavHistory.Context.DisplayName</ResourceKey>
            <Items>
              <ResourcePackageItem>
                <IsString>true</IsString>
                <CultureName />
                <SerializedResourceData>Context</SerializedResourceData>
              </ResourcePackageItem>
            </Items>
          </ResourcePackage>
        </Resources>
        <Property xsi:type="OrmFieldProperty" id="6088c770-24b7-437f-b566-3a040730e945" lastModifiedUtc="2013-10-17T20:51:46.7270537Z" name="Context" audited="false" columnName="TOCONTEXT" maxLength="255" precision="0" scale="0" ordinal="11" isReadOnly="false">
          <ExtendedPropertiesCollection>
            <extendee type="Sage.Platform.Orm.Entities.OrmFieldProperty">
              <extender guid="ae60621d-9d91-3d9a-b9fb-eb6c8be12131">
                <OrmEntityPropertySDataExtension generate="true" />
              </extender>
            </extendee>
          </ExtendedPropertiesCollection>
          <SystemDataType guid="ccc0f01d-7ba5-408e-8526-a3f942354b3a">
            <TextDataType>
              <Length>255</Length>
            </TextDataType>
          </SystemDataType>
        </Property>
      </PropertyData>
      <ArrayOfString xmlns:xsi="http://www.w3.org/2001/XMLSchema-instance" xmlns:xsd="http://www.w3.org/2001/XMLSchema" />
    </bundleItemData>
    <bundleItemData itemId="d56cc2b9-1787-4355-a99c-261fb2b94a56" dataTypeName="Sage.Platform.Orm.Entities.BundleSupport.PropertyBundleItem+PropertyData, Sage.Platform">
      <PropertyData xmlns:xsi="http://www.w3.org/2001/XMLSchema-instance" xmlns:xsd="http://www.w3.org/2001/XMLSchema">
        <Resources>
          <ResourcePackage>
            <ResourceKey>NavHistory.FromContext.DisplayName</ResourceKey>
            <Items>
              <ResourcePackageItem>
                <IsString>true</IsString>
                <CultureName />
                <SerializedResourceData>FromContext</SerializedResourceData>
              </ResourcePackageItem>
            </Items>
          </ResourcePackage>
        </Resources>
        <Property xsi:type="OrmFieldProperty" id="d56cc2b9-1787-4355-a99c-261fb2b94a56" lastModifiedUtc="2013-10-17T20:51:46.7270537Z" name="FromContext" audited="false" columnName="FROMCONTEXT" maxLength="255" precision="0" scale="0" ordinal="12" isReadOnly="false">
          <ExtendedPropertiesCollection>
            <extendee type="Sage.Platform.Orm.Entities.OrmFieldProperty">
              <extender guid="ae60621d-9d91-3d9a-b9fb-eb6c8be12131">
                <OrmEntityPropertySDataExtension generate="true" />
              </extender>
            </extendee>
          </ExtendedPropertiesCollection>
          <SystemDataType guid="ccc0f01d-7ba5-408e-8526-a3f942354b3a">
            <TextDataType>
              <Length>255</Length>
            </TextDataType>
          </SystemDataType>
        </Property>
      </PropertyData>
      <ArrayOfString xmlns:xsi="http://www.w3.org/2001/XMLSchema-instance" xmlns:xsd="http://www.w3.org/2001/XMLSchema" />
    </bundleItemData>
    <bundleItemData itemId="34e91335-ccfc-4b4e-9ef2-cca40e511bca" dataTypeName="Sage.Platform.Orm.Entities.BundleSupport.PropertyBundleItem+PropertyData, Sage.Platform">
      <PropertyData xmlns:xsi="http://www.w3.org/2001/XMLSchema-instance" xmlns:xsd="http://www.w3.org/2001/XMLSchema">
        <Resources>
          <ResourcePackage>
            <ResourceKey>NavHistory.Subject.DisplayName</ResourceKey>
            <Items>
              <ResourcePackageItem>
                <IsString>true</IsString>
                <CultureName />
                <SerializedResourceData>Subject</SerializedResourceData>
              </ResourcePackageItem>
            </Items>
          </ResourcePackage>
        </Resources>
        <Property xsi:type="OrmFieldProperty" id="34e91335-ccfc-4b4e-9ef2-cca40e511bca" lastModifiedUtc="2013-10-17T20:51:46.7270537Z" name="Subject" audited="false" columnName="SUBJECT" maxLength="64" precision="0" scale="0" ordinal="13" isReadOnly="false">
          <ExtendedPropertiesCollection>
            <extendee type="Sage.Platform.Orm.Entities.OrmFieldProperty">
              <extender guid="ae60621d-9d91-3d9a-b9fb-eb6c8be12131">
                <OrmEntityPropertySDataExtension generate="true" />
              </extender>
            </extendee>
          </ExtendedPropertiesCollection>
          <SystemDataType guid="ccc0f01d-7ba5-408e-8526-a3f942354b3a">
            <TextDataType>
              <Length>64</Length>
            </TextDataType>
          </SystemDataType>
        </Property>
      </PropertyData>
      <ArrayOfString xmlns:xsi="http://www.w3.org/2001/XMLSchema-instance" xmlns:xsd="http://www.w3.org/2001/XMLSchema" />
    </bundleItemData>
    <bundleItemData itemId="934fe0b2-ca71-4544-9f1b-ab2d7e64cfc5" dataTypeName="Sage.Platform.Orm.Entities.BundleSupport.PropertyBundleItem+PropertyData, Sage.Platform">
      <PropertyData xmlns:xsi="http://www.w3.org/2001/XMLSchema-instance" xmlns:xsd="http://www.w3.org/2001/XMLSchema">
        <Resources>
          <ResourcePackage>
            <ResourceKey>NavHistory.Category.DisplayName</ResourceKey>
            <Items>
              <ResourcePackageItem>
                <IsString>true</IsString>
                <CultureName />
                <SerializedResourceData>Category</SerializedResourceData>
              </ResourcePackageItem>
            </Items>
          </ResourcePackage>
        </Resources>
        <Property xsi:type="OrmFieldProperty" id="934fe0b2-ca71-4544-9f1b-ab2d7e64cfc5" lastModifiedUtc="2013-10-17T20:51:46.7426537Z" name="Category" audited="false" columnName="CATEGORY" maxLength="64" precision="0" scale="0" ordinal="14" isReadOnly="false">
          <ExtendedPropertiesCollection>
            <extendee type="Sage.Platform.Orm.Entities.OrmFieldProperty">
              <extender guid="ae60621d-9d91-3d9a-b9fb-eb6c8be12131">
                <OrmEntityPropertySDataExtension generate="true" />
              </extender>
            </extendee>
          </ExtendedPropertiesCollection>
          <SystemDataType guid="ccc0f01d-7ba5-408e-8526-a3f942354b3a">
            <TextDataType>
              <Length>64</Length>
            </TextDataType>
          </SystemDataType>
        </Property>
      </PropertyData>
      <ArrayOfString xmlns:xsi="http://www.w3.org/2001/XMLSchema-instance" xmlns:xsd="http://www.w3.org/2001/XMLSchema" />
    </bundleItemData>
    <bundleItemData itemId="c3941cf5-c8a5-45e4-b191-0375665b67b9" dataTypeName="Sage.Platform.Orm.Entities.BundleSupport.PropertyBundleItem+PropertyData, Sage.Platform">
      <PropertyData xmlns:xsi="http://www.w3.org/2001/XMLSchema-instance" xmlns:xsd="http://www.w3.org/2001/XMLSchema">
        <Resources>
          <ResourcePackage>
            <ResourceKey>NavHistory.Area.DisplayName</ResourceKey>
            <Items>
              <ResourcePackageItem>
                <IsString>true</IsString>
                <CultureName />
                <SerializedResourceData>Area</SerializedResourceData>
              </ResourcePackageItem>
            </Items>
          </ResourcePackage>
        </Resources>
        <Property xsi:type="OrmFieldProperty" id="c3941cf5-c8a5-45e4-b191-0375665b67b9" lastModifiedUtc="2013-10-17T20:51:46.7426537Z" name="Area" audited="false" columnName="AREA" maxLength="64" precision="0" scale="0" ordinal="15" isReadOnly="false">
          <ExtendedPropertiesCollection>
            <extendee type="Sage.Platform.Orm.Entities.OrmFieldProperty">
              <extender guid="ae60621d-9d91-3d9a-b9fb-eb6c8be12131">
                <OrmEntityPropertySDataExtension generate="true" />
              </extender>
            </extendee>
          </ExtendedPropertiesCollection>
          <SystemDataType guid="ccc0f01d-7ba5-408e-8526-a3f942354b3a">
            <TextDataType>
              <Length>64</Length>
            </TextDataType>
          </SystemDataType>
        </Property>
      </PropertyData>
      <ArrayOfString xmlns:xsi="http://www.w3.org/2001/XMLSchema-instance" xmlns:xsd="http://www.w3.org/2001/XMLSchema" />
    </bundleItemData>
    <bundleItemData itemId="10a6ad76-527a-4d35-a2d1-f407f3570be5" dataTypeName="Sage.Platform.Orm.Entities.BundleSupport.PropertyBundleItem+PropertyData, Sage.Platform">
      <PropertyData xmlns:xsi="http://www.w3.org/2001/XMLSchema-instance" xmlns:xsd="http://www.w3.org/2001/XMLSchema">
        <Resources>
          <ResourcePackage>
            <ResourceKey>NavHistory.EntityId.DisplayName</ResourceKey>
            <Items>
              <ResourcePackageItem>
                <IsString>true</IsString>
                <CultureName />
                <SerializedResourceData>EntityId</SerializedResourceData>
              </ResourcePackageItem>
            </Items>
          </ResourcePackage>
        </Resources>
        <Property xsi:type="OrmFieldProperty" id="10a6ad76-527a-4d35-a2d1-f407f3570be5" lastModifiedUtc="2013-10-21T00:34:01.2264468Z" name="EntityId" audited="false" columnName="ENTITYID" maxLength="64" precision="0" scale="0" ordinal="19" isReadOnly="false">
          <ExtendedPropertiesCollection>
            <extendee type="Sage.Platform.Orm.Entities.OrmFieldProperty">
              <extender guid="ae60621d-9d91-3d9a-b9fb-eb6c8be12131">
                <OrmEntityPropertySDataExtension generate="true" />
              </extender>
            </extendee>
          </ExtendedPropertiesCollection>
          <SystemDataType guid="ccc0f01d-7ba5-408e-8526-a3f942354b3a">
            <TextDataType>
              <Length>64</Length>
            </TextDataType>
          </SystemDataType>
        </Property>
      </PropertyData>
      <ArrayOfString xmlns:xsi="http://www.w3.org/2001/XMLSchema-instance" xmlns:xsd="http://www.w3.org/2001/XMLSchema" />
    </bundleItemData>
    <bundleItemData itemId="17903cea-fd43-4c14-98ec-22cf59562f54" dataTypeName="Sage.Platform.Orm.Entities.BundleSupport.PropertyBundleItem+PropertyData, Sage.Platform">
      <PropertyData xmlns:xsi="http://www.w3.org/2001/XMLSchema-instance" xmlns:xsd="http://www.w3.org/2001/XMLSchema">
        <Resources>
          <ResourcePackage>
            <ResourceKey>NavHistory.EntityType.DisplayName</ResourceKey>
            <Items>
              <ResourcePackageItem>
                <IsString>true</IsString>
                <CultureName />
                <SerializedResourceData>EntityType</SerializedResourceData>
              </ResourcePackageItem>
            </Items>
          </ResourcePackage>
        </Resources>
        <Property xsi:type="OrmFieldProperty" id="17903cea-fd43-4c14-98ec-22cf59562f54" lastModifiedUtc="2013-10-21T00:34:01.2354474Z" name="EntityType" audited="false" columnName="ENTITYTYPE" maxLength="64" precision="0" scale="0" ordinal="18" isReadOnly="false">
          <ExtendedPropertiesCollection>
            <extendee type="Sage.Platform.Orm.Entities.OrmFieldProperty">
              <extender guid="ae60621d-9d91-3d9a-b9fb-eb6c8be12131">
                <OrmEntityPropertySDataExtension generate="true" />
              </extender>
            </extendee>
          </ExtendedPropertiesCollection>
          <SystemDataType guid="ccc0f01d-7ba5-408e-8526-a3f942354b3a">
            <TextDataType>
              <Length>64</Length>
            </TextDataType>
          </SystemDataType>
        </Property>
      </PropertyData>
      <ArrayOfString xmlns:xsi="http://www.w3.org/2001/XMLSchema-instance" xmlns:xsd="http://www.w3.org/2001/XMLSchema" />
    </bundleItemData>
    <bundleItemData itemId="08b1b3e0-2255-433d-afab-dec2ed2799e7" dataTypeName="Sage.Platform.Orm.Entities.BundleSupport.PropertyBundleItem+PropertyData, Sage.Platform">
      <PropertyData xmlns:xsi="http://www.w3.org/2001/XMLSchema-instance" xmlns:xsd="http://www.w3.org/2001/XMLSchema">
        <Resources>
          <ResourcePackage>
            <ResourceKey>NavHistory.ResourceKind.DisplayName</ResourceKey>
            <Items>
              <ResourcePackageItem>
                <IsString>true</IsString>
                <CultureName />
                <SerializedResourceData>ResourceKind</SerializedResourceData>
              </ResourcePackageItem>
            </Items>
          </ResourcePackage>
        </Resources>
        <Property xsi:type="OrmFieldProperty" id="08b1b3e0-2255-433d-afab-dec2ed2799e7" lastModifiedUtc="2013-10-21T00:34:01.2384475Z" name="ResourceKind" audited="false" columnName="RESOURCEKIND" maxLength="128" precision="0" scale="0" ordinal="17" isReadOnly="false">
          <ExtendedPropertiesCollection>
            <extendee type="Sage.Platform.Orm.Entities.OrmFieldProperty">
              <extender guid="ae60621d-9d91-3d9a-b9fb-eb6c8be12131">
                <OrmEntityPropertySDataExtension generate="true" />
              </extender>
            </extendee>
          </ExtendedPropertiesCollection>
          <SystemDataType guid="ccc0f01d-7ba5-408e-8526-a3f942354b3a">
            <TextDataType>
              <Length>128</Length>
            </TextDataType>
          </SystemDataType>
        </Property>
      </PropertyData>
      <ArrayOfString xmlns:xsi="http://www.w3.org/2001/XMLSchema-instance" xmlns:xsd="http://www.w3.org/2001/XMLSchema" />
    </bundleItemData>
    <bundleItemData itemId="0c4b7bc7-e0b4-4595-93d5-cb8c63bb083f" dataTypeName="Sage.Platform.Orm.Entities.BundleSupport.PropertyBundleItem+PropertyData, Sage.Platform">
      <PropertyData xmlns:xsi="http://www.w3.org/2001/XMLSchema-instance" xmlns:xsd="http://www.w3.org/2001/XMLSchema">
        <Resources>
          <ResourcePackage>
            <ResourceKey>NavHistory.ViewId.DisplayName</ResourceKey>
            <Items>
              <ResourcePackageItem>
                <IsString>true</IsString>
                <CultureName />
                <SerializedResourceData>ViewId</SerializedResourceData>
              </ResourcePackageItem>
            </Items>
          </ResourcePackage>
        </Resources>
        <Property xsi:type="OrmFieldProperty" id="0c4b7bc7-e0b4-4595-93d5-cb8c63bb083f" lastModifiedUtc="2013-10-21T00:34:01.2484481Z" name="ViewId" audited="false" columnName="VIEWID" maxLength="255" precision="0" scale="0" ordinal="16" isReadOnly="false">
          <ExtendedPropertiesCollection>
            <extendee type="Sage.Platform.Orm.Entities.OrmFieldProperty">
              <extender guid="ae60621d-9d91-3d9a-b9fb-eb6c8be12131">
                <OrmEntityPropertySDataExtension generate="true" />
              </extender>
            </extendee>
          </ExtendedPropertiesCollection>
          <SystemDataType guid="ccc0f01d-7ba5-408e-8526-a3f942354b3a">
            <TextDataType>
              <Length>255</Length>
            </TextDataType>
          </SystemDataType>
        </Property>
      </PropertyData>
      <ArrayOfString xmlns:xsi="http://www.w3.org/2001/XMLSchema-instance" xmlns:xsd="http://www.w3.org/2001/XMLSchema" />
    </bundleItemData>
    <bundleItemData itemId="2d1bf8cb-bd06-4904-9175-c2807013947a" dataTypeName="Sage.Platform.Orm.Entities.BundleSupport.PropertyBundleItem+PropertyData, Sage.Platform">
      <PropertyData xmlns:xsi="http://www.w3.org/2001/XMLSchema-instance" xmlns:xsd="http://www.w3.org/2001/XMLSchema">
        <Resources>
          <ResourcePackage>
            <ResourceKey>NavHistory.ViewName.DisplayName</ResourceKey>
            <Items>
              <ResourcePackageItem>
                <IsString>true</IsString>
                <CultureName />
                <SerializedResourceData>ViewName</SerializedResourceData>
              </ResourcePackageItem>
            </Items>
          </ResourcePackage>
        </Resources>
        <Property xsi:type="OrmFieldProperty" id="2d1bf8cb-bd06-4904-9175-c2807013947a" lastModifiedUtc="2013-10-22T20:45:14.7625661Z" name="ViewName" audited="false" columnName="VIEWNAME" maxLength="128" precision="0" scale="0" ordinal="20" isReadOnly="false">
          <ExtendedPropertiesCollection>
            <extendee type="Sage.Platform.Orm.Entities.OrmFieldProperty">
              <extender guid="ae60621d-9d91-3d9a-b9fb-eb6c8be12131">
                <OrmEntityPropertySDataExtension generate="true" />
              </extender>
            </extendee>
          </ExtendedPropertiesCollection>
          <SystemDataType guid="ccc0f01d-7ba5-408e-8526-a3f942354b3a">
            <TextDataType>
              <Length>128</Length>
            </TextDataType>
          </SystemDataType>
        </Property>
      </PropertyData>
      <ArrayOfString xmlns:xsi="http://www.w3.org/2001/XMLSchema-instance" xmlns:xsd="http://www.w3.org/2001/XMLSchema" />
    </bundleItemData>
    <bundleItemData itemId="eb323622-40e6-4361-90af-8dcc43451e2d" dataTypeName="Sage.Platform.Orm.Entities.BundleSupport.BusinessRuleStepBundleItem+StepData, Sage.Platform">
      <StepData xmlns:xsi="http://www.w3.org/2001/XMLSchema-instance" xmlns:xsd="http://www.w3.org/2001/XMLSchema">
        <Step id="eb323622-40e6-4361-90af-8dcc43451e2d" lastModifiedUtc="2013-10-17T20:51:46.7426537Z" targetType="Sage.Platform.Orm.DefaultCRUDEventHandler, Sage.Platform" targetMethod="OnAfterDelete" active="true">
          <ExtendedPropertiesCollection>
            <extendee type="Sage.Platform.Orm.Entities.OrmMethodTarget" />
          </ExtendedPropertiesCollection>
        </Step>
        <StepType>Primary</StepType>
      </StepData>
      <ArrayOfString xmlns:xsi="http://www.w3.org/2001/XMLSchema-instance" xmlns:xsd="http://www.w3.org/2001/XMLSchema" />
    </bundleItemData>
    <bundleItemData itemId="b4e2f572-69dc-4525-bbc1-3eab263854b6" dataTypeName="Sage.Platform.Orm.Entities.BundleSupport.BusinessRuleStepBundleItem+StepData, Sage.Platform">
      <StepData xmlns:xsi="http://www.w3.org/2001/XMLSchema-instance" xmlns:xsd="http://www.w3.org/2001/XMLSchema">
        <Step id="b4e2f572-69dc-4525-bbc1-3eab263854b6" lastModifiedUtc="2013-10-17T20:51:46.7426537Z" targetType="Sage.Platform.Orm.DefaultCRUDEventHandler, Sage.Platform" targetMethod="OnAfterInsert" active="true">
          <ExtendedPropertiesCollection>
            <extendee type="Sage.Platform.Orm.Entities.OrmMethodTarget" />
          </ExtendedPropertiesCollection>
        </Step>
        <StepType>Primary</StepType>
      </StepData>
      <ArrayOfString xmlns:xsi="http://www.w3.org/2001/XMLSchema-instance" xmlns:xsd="http://www.w3.org/2001/XMLSchema" />
    </bundleItemData>
    <bundleItemData itemId="38bb2f30-76df-41e2-84b8-cc31dd16205a" dataTypeName="Sage.Platform.Orm.Entities.BundleSupport.BusinessRuleStepBundleItem+StepData, Sage.Platform">
      <StepData xmlns:xsi="http://www.w3.org/2001/XMLSchema-instance" xmlns:xsd="http://www.w3.org/2001/XMLSchema">
        <Step id="38bb2f30-76df-41e2-84b8-cc31dd16205a" lastModifiedUtc="2013-10-17T20:51:46.7426537Z" targetType="Sage.Platform.Orm.DefaultCRUDEventHandler, Sage.Platform" targetMethod="OnAfterUpdate" active="true">
          <ExtendedPropertiesCollection>
            <extendee type="Sage.Platform.Orm.Entities.OrmMethodTarget" />
          </ExtendedPropertiesCollection>
        </Step>
        <StepType>Primary</StepType>
      </StepData>
      <ArrayOfString xmlns:xsi="http://www.w3.org/2001/XMLSchema-instance" xmlns:xsd="http://www.w3.org/2001/XMLSchema" />
    </bundleItemData>
    <bundleItemData itemId="63072b8f-4c75-45d8-87fb-a0c99379ec7c" dataTypeName="Sage.Platform.Orm.Entities.BundleSupport.BusinessRuleStepBundleItem+StepData, Sage.Platform">
      <StepData xmlns:xsi="http://www.w3.org/2001/XMLSchema-instance" xmlns:xsd="http://www.w3.org/2001/XMLSchema">
        <Step id="63072b8f-4c75-45d8-87fb-a0c99379ec7c" lastModifiedUtc="2013-10-17T20:51:46.7426537Z" targetType="Sage.Platform.Orm.DefaultCRUDEventHandler, Sage.Platform" targetMethod="OnBeforeDelete" active="true">
          <ExtendedPropertiesCollection>
            <extendee type="Sage.Platform.Orm.Entities.OrmMethodTarget" />
          </ExtendedPropertiesCollection>
        </Step>
        <StepType>Primary</StepType>
      </StepData>
      <ArrayOfString xmlns:xsi="http://www.w3.org/2001/XMLSchema-instance" xmlns:xsd="http://www.w3.org/2001/XMLSchema" />
    </bundleItemData>
    <bundleItemData itemId="05f94d0d-0783-4680-8671-62ae136eeaac" dataTypeName="Sage.Platform.Orm.Entities.BundleSupport.BusinessRuleStepBundleItem+StepData, Sage.Platform">
      <StepData xmlns:xsi="http://www.w3.org/2001/XMLSchema-instance" xmlns:xsd="http://www.w3.org/2001/XMLSchema">
        <Step id="05f94d0d-0783-4680-8671-62ae136eeaac" lastModifiedUtc="2013-10-17T20:51:46.7426537Z" targetType="Sage.Platform.Orm.DefaultCRUDEventHandler, Sage.Platform" targetMethod="OnBeforeInsert" active="true">
          <ExtendedPropertiesCollection>
            <extendee type="Sage.Platform.Orm.Entities.OrmMethodTarget" />
          </ExtendedPropertiesCollection>
        </Step>
        <StepType>Primary</StepType>
      </StepData>
      <ArrayOfString xmlns:xsi="http://www.w3.org/2001/XMLSchema-instance" xmlns:xsd="http://www.w3.org/2001/XMLSchema" />
    </bundleItemData>
    <bundleItemData itemId="a99b76b7-ba23-4993-97c7-576256a80f89" dataTypeName="Sage.Platform.Orm.Entities.BundleSupport.BusinessRuleStepBundleItem+StepData, Sage.Platform">
      <StepData xmlns:xsi="http://www.w3.org/2001/XMLSchema-instance" xmlns:xsd="http://www.w3.org/2001/XMLSchema">
        <Step id="a99b76b7-ba23-4993-97c7-576256a80f89" lastModifiedUtc="2013-10-17T20:51:46.7426537Z" targetType="Sage.Platform.Orm.DefaultCRUDEventHandler, Sage.Platform" targetMethod="OnBeforeUpdate" active="true">
          <ExtendedPropertiesCollection>
            <extendee type="Sage.Platform.Orm.Entities.OrmMethodTarget" />
          </ExtendedPropertiesCollection>
        </Step>
        <StepType>Primary</StepType>
      </StepData>
      <ArrayOfString xmlns:xsi="http://www.w3.org/2001/XMLSchema-instance" xmlns:xsd="http://www.w3.org/2001/XMLSchema" />
    </bundleItemData>
    <bundleItemData itemId="59ba76d0-93b2-41be-8efe-be9fe66c9929" dataTypeName="Sage.Platform.Orm.Entities.BundleSupport.BusinessRuleStepBundleItem+StepData, Sage.Platform">
      <StepData xmlns:xsi="http://www.w3.org/2001/XMLSchema-instance" xmlns:xsd="http://www.w3.org/2001/XMLSchema">
        <Step id="59ba76d0-93b2-41be-8efe-be9fe66c9929" lastModifiedUtc="2013-10-17T20:51:46.7426537Z" targetType="Sage.Platform.Orm.DefaultCRUDEventHandler, Sage.Platform" targetMethod="OnCreate" active="true">
          <ExtendedPropertiesCollection>
            <extendee type="Sage.Platform.Orm.Entities.OrmMethodTarget" />
          </ExtendedPropertiesCollection>
        </Step>
        <StepType>Primary</StepType>
      </StepData>
      <ArrayOfString xmlns:xsi="http://www.w3.org/2001/XMLSchema-instance" xmlns:xsd="http://www.w3.org/2001/XMLSchema" />
    </bundleItemData>
    <bundleItemData itemId="4c9551eb-c3a4-49aa-bf0d-fca1f68ae192" dataTypeName="Sage.Platform.Projects.Localization.ResourcePackageCollection, Sage.Platform.Projects">
      <ArrayOfResourcePackage xmlns:xsi="http://www.w3.org/2001/XMLSchema-instance" xmlns:xsd="http://www.w3.org/2001/XMLSchema">
        <ResourcePackage>
          <ResourceKey>NavHistory.Filter.Area.DisplayName</ResourceKey>
          <Items>
            <ResourcePackageItem>
              <IsString>true</IsString>
              <CultureName />
              <SerializedResourceData>Area</SerializedResourceData>
            </ResourcePackageItem>
          </Items>
        </ResourcePackage>
        <ResourcePackage>
          <ResourceKey>NavHistory.Filter.Area.AnalyticsDescription</ResourceKey>
          <Items />
        </ResourcePackage>
      </ArrayOfResourcePackage>
      <ArrayOfString xmlns:xsi="http://www.w3.org/2001/XMLSchema-instance" xmlns:xsd="http://www.w3.org/2001/XMLSchema" />
    </bundleItemData>
    <bundleItemData itemId="1c378488-aef4-4ae5-84d0-b1c5b41abf25" dataTypeName="Sage.Platform.Projects.Localization.ResourcePackageCollection, Sage.Platform.Projects">
      <ArrayOfResourcePackage xmlns:xsi="http://www.w3.org/2001/XMLSchema-instance" xmlns:xsd="http://www.w3.org/2001/XMLSchema">
        <ResourcePackage>
          <ResourceKey>NavHistory.Filter.Category.DisplayName</ResourceKey>
          <Items>
            <ResourcePackageItem>
              <IsString>true</IsString>
              <CultureName />
              <SerializedResourceData>Category</SerializedResourceData>
            </ResourcePackageItem>
          </Items>
        </ResourcePackage>
        <ResourcePackage>
          <ResourceKey>NavHistory.Filter.Category.AnalyticsDescription</ResourceKey>
          <Items />
        </ResourcePackage>
      </ArrayOfResourcePackage>
      <ArrayOfString xmlns:xsi="http://www.w3.org/2001/XMLSchema-instance" xmlns:xsd="http://www.w3.org/2001/XMLSchema" />
    </bundleItemData>
    <bundleItemData itemId="4a369edc-7891-42b3-bb43-840917295cc3" dataTypeName="Sage.Platform.Projects.Localization.ResourcePackageCollection, Sage.Platform.Projects">
      <ArrayOfResourcePackage xmlns:xsi="http://www.w3.org/2001/XMLSchema-instance" xmlns:xsd="http://www.w3.org/2001/XMLSchema">
        <ResourcePackage>
          <ResourceKey>NavHistory.Filter.Description.DisplayName</ResourceKey>
          <Items>
            <ResourcePackageItem>
              <IsString>true</IsString>
              <CultureName />
              <SerializedResourceData>Description</SerializedResourceData>
            </ResourcePackageItem>
          </Items>
        </ResourcePackage>
        <ResourcePackage>
          <ResourceKey>NavHistory.Filter.Description.AnalyticsDescription</ResourceKey>
          <Items />
        </ResourcePackage>
      </ArrayOfResourcePackage>
      <ArrayOfString xmlns:xsi="http://www.w3.org/2001/XMLSchema-instance" xmlns:xsd="http://www.w3.org/2001/XMLSchema" />
    </bundleItemData>
    <bundleItemData itemId="b869f468-c054-4d4d-b12f-90da77ffb589" dataTypeName="Sage.Platform.Projects.Localization.ResourcePackageCollection, Sage.Platform.Projects">
      <ArrayOfResourcePackage xmlns:xsi="http://www.w3.org/2001/XMLSchema-instance" xmlns:xsd="http://www.w3.org/2001/XMLSchema">
        <ResourcePackage>
          <ResourceKey>NavHistory.Filter.EntityId.DisplayName</ResourceKey>
          <Items>
            <ResourcePackageItem>
              <IsString>true</IsString>
              <CultureName />
              <SerializedResourceData>EntityId</SerializedResourceData>
            </ResourcePackageItem>
          </Items>
        </ResourcePackage>
        <ResourcePackage>
          <ResourceKey>NavHistory.Filter.EntityId.AnalyticsDescription</ResourceKey>
          <Items />
        </ResourcePackage>
      </ArrayOfResourcePackage>
      <ArrayOfString xmlns:xsi="http://www.w3.org/2001/XMLSchema-instance" xmlns:xsd="http://www.w3.org/2001/XMLSchema" />
    </bundleItemData>
    <bundleItemData itemId="cde1b945-7541-4228-8efb-fad94ea3b7f5" dataTypeName="Sage.Platform.Projects.Localization.ResourcePackageCollection, Sage.Platform.Projects">
      <ArrayOfResourcePackage xmlns:xsi="http://www.w3.org/2001/XMLSchema-instance" xmlns:xsd="http://www.w3.org/2001/XMLSchema">
        <ResourcePackage>
          <ResourceKey>NavHistory.Filter.EntityType.DisplayName</ResourceKey>
          <Items>
            <ResourcePackageItem>
              <IsString>true</IsString>
              <CultureName />
              <SerializedResourceData>EntityType</SerializedResourceData>
            </ResourcePackageItem>
          </Items>
        </ResourcePackage>
        <ResourcePackage>
          <ResourceKey>NavHistory.Filter.EntityType.AnalyticsDescription</ResourceKey>
          <Items />
        </ResourcePackage>
      </ArrayOfResourcePackage>
      <ArrayOfString xmlns:xsi="http://www.w3.org/2001/XMLSchema-instance" xmlns:xsd="http://www.w3.org/2001/XMLSchema" />
    </bundleItemData>
    <bundleItemData itemId="2cda0179-18f1-481a-af1a-a9a85c008dea" dataTypeName="Sage.Platform.Projects.Localization.ResourcePackageCollection, Sage.Platform.Projects">
      <ArrayOfResourcePackage xmlns:xsi="http://www.w3.org/2001/XMLSchema-instance" xmlns:xsd="http://www.w3.org/2001/XMLSchema">
        <ResourcePackage>
          <ResourceKey>NavHistory.Filter.NavCount.DisplayName</ResourceKey>
          <Items>
            <ResourcePackageItem>
              <IsString>true</IsString>
              <CultureName />
              <SerializedResourceData>Nav Count</SerializedResourceData>
            </ResourcePackageItem>
          </Items>
        </ResourcePackage>
        <ResourcePackage>
          <ResourceKey>NavHistory.Filter.NavCount.AnalyticsDescription</ResourceKey>
          <Items />
        </ResourcePackage>
      </ArrayOfResourcePackage>
      <ArrayOfString xmlns:xsi="http://www.w3.org/2001/XMLSchema-instance" xmlns:xsd="http://www.w3.org/2001/XMLSchema" />
    </bundleItemData>
    <bundleItemData itemId="53e92df5-6bf6-4480-8f5d-03462455feb4" dataTypeName="Sage.Platform.Projects.Localization.ResourcePackageCollection, Sage.Platform.Projects">
      <ArrayOfResourcePackage xmlns:xsi="http://www.w3.org/2001/XMLSchema-instance" xmlns:xsd="http://www.w3.org/2001/XMLSchema">
        <ResourcePackage>
          <ResourceKey>NavHistory.Filter.ResourceKind.DisplayName</ResourceKey>
          <Items>
            <ResourcePackageItem>
              <IsString>true</IsString>
              <CultureName />
              <SerializedResourceData>ResourceKind</SerializedResourceData>
            </ResourcePackageItem>
          </Items>
        </ResourcePackage>
        <ResourcePackage>
          <ResourceKey>NavHistory.Filter.ResourceKind.AnalyticsDescription</ResourceKey>
          <Items />
        </ResourcePackage>
      </ArrayOfResourcePackage>
      <ArrayOfString xmlns:xsi="http://www.w3.org/2001/XMLSchema-instance" xmlns:xsd="http://www.w3.org/2001/XMLSchema" />
    </bundleItemData>
    <bundleItemData itemId="5cb3e4ef-f4f5-4e69-a7f0-deb3b5107a4d" dataTypeName="Sage.Platform.Projects.Localization.ResourcePackageCollection, Sage.Platform.Projects">
      <ArrayOfResourcePackage xmlns:xsi="http://www.w3.org/2001/XMLSchema-instance" xmlns:xsd="http://www.w3.org/2001/XMLSchema">
        <ResourcePackage>
          <ResourceKey>NavHistory.Filter.Subject.DisplayName</ResourceKey>
          <Items>
            <ResourcePackageItem>
              <IsString>true</IsString>
              <CultureName />
              <SerializedResourceData>Subject</SerializedResourceData>
            </ResourcePackageItem>
          </Items>
        </ResourcePackage>
        <ResourcePackage>
          <ResourceKey>NavHistory.Filter.Subject.AnalyticsDescription</ResourceKey>
          <Items />
        </ResourcePackage>
      </ArrayOfResourcePackage>
      <ArrayOfString xmlns:xsi="http://www.w3.org/2001/XMLSchema-instance" xmlns:xsd="http://www.w3.org/2001/XMLSchema" />
    </bundleItemData>
    <bundleItemData itemId="625669ea-8563-41b8-9708-de6522bea2cb" dataTypeName="Sage.Platform.Projects.Localization.ResourcePackageCollection, Sage.Platform.Projects">
      <ArrayOfResourcePackage xmlns:xsi="http://www.w3.org/2001/XMLSchema-instance" xmlns:xsd="http://www.w3.org/2001/XMLSchema">
        <ResourcePackage>
          <ResourceKey>NavHistory.Filter.ViewType.DisplayName</ResourceKey>
          <Items>
            <ResourcePackageItem>
              <IsString>true</IsString>
              <CultureName />
              <SerializedResourceData>View Type</SerializedResourceData>
            </ResourcePackageItem>
          </Items>
        </ResourcePackage>
        <ResourcePackage>
          <ResourceKey>NavHistory.Filter.ViewType.AnalyticsDescription</ResourceKey>
          <Items />
        </ResourcePackage>
      </ArrayOfResourcePackage>
      <ArrayOfString xmlns:xsi="http://www.w3.org/2001/XMLSchema-instance" xmlns:xsd="http://www.w3.org/2001/XMLSchema" />
    </bundleItemData>
    <bundleItemData itemId="95286e55-1a50-4ba9-b4ba-e7d7bdaae385" dataTypeName="Sage.Platform.Projects.Localization.ResourcePackageCollection, Sage.Platform.Projects">
      <ArrayOfResourcePackage xmlns:xsi="http://www.w3.org/2001/XMLSchema-instance" xmlns:xsd="http://www.w3.org/2001/XMLSchema">
        <ResourcePackage>
          <ResourceKey>NavHistory.Filter.ViiewName.DisplayName</ResourceKey>
          <Items>
            <ResourcePackageItem>
              <IsString>true</IsString>
              <CultureName />
              <SerializedResourceData>ViiewName</SerializedResourceData>
            </ResourcePackageItem>
          </Items>
        </ResourcePackage>
        <ResourcePackage>
          <ResourceKey>NavHistory.Filter.ViiewName.AnalyticsDescription</ResourceKey>
          <Items />
        </ResourcePackage>
      </ArrayOfResourcePackage>
      <ArrayOfString xmlns:xsi="http://www.w3.org/2001/XMLSchema-instance" xmlns:xsd="http://www.w3.org/2001/XMLSchema" />
    </bundleItemData>
  </bundleItemsData>
  <bundleActionsData />
  <deletedItemData />
</BundleData>