<?xml version="1.0"?>
<BundleManifest id="08fb7bd9-b059-4e04-b3ec-797e1383479f">
  <bundleProperties>
    <name>Boot Camp Sample Demo </name>
    <description><![CDATA[]]></description>
    <address><![CDATA[]]></address>
    <company>Saleslogix</company>
    <copyright><![CDATA[]]></copyright>
    <majorVersion>0</majorVersion>
    <minorVersion>0</minorVersion>
    <revision>0</revision>
    <build>1</build>
    <autoIncrement>false</autoIncrement>
    <installDate>0001-01-01T00:00:00</installDate>
    <installPassword />
    <formatVersion>8.0.0.8479</formatVersion>
  </bundleProperties>
  <bundleItemHierarchy>
    <bundleItem modelId="af988c91-97c8-4527-b072-e021c9e2cb1a" itemTypeName="Sage.Platform.BundleModel.BundleManifestItem, Sage.Platform.BundleModel">
      <BundleManifestItem xmlns:xsi="http://www.w3.org/2001/XMLSchema-instance" xmlns:xsd="http://www.w3.org/2001/XMLSchema">
        <ItemId>08fb7bd9-b059-4e04-b3ec-797e1383479f</ItemId>
        <Url>\</Url>
        <BundleItemType>Container</BundleItemType>
        <Caption>Boot Camp Sample Demo </Caption>
      </BundleManifestItem>
      <children>
        <bundleItem modelId="a7bdd2d9-93b0-499d-9fd4-c3f7a5f94e28" itemTypeName="Sage.Platform.Orm.Entities.BundleSupport.EntityModelContext, Sage.Platform">
          <EntityModelContext xmlns:xsi="http://www.w3.org/2001/XMLSchema-instance" xmlns:xsd="http://www.w3.org/2001/XMLSchema">
            <ItemId>entitymodel</ItemId>
            <Url>\::Entity Model</Url>
            <BundleItemType>Container</BundleItemType>
            <Caption>Entity Model</Caption>
          </EntityModelContext>
          <children>
            <bundleItem modelId="a7bdd2d9-93b0-499d-9fd4-c3f7a5f94e28" itemTypeName="Sage.Platform.Orm.Entities.BundleSupport.PackagesContext, Sage.Platform">
              <PackagesContext xmlns:xsi="http://www.w3.org/2001/XMLSchema-instance" xmlns:xsd="http://www.w3.org/2001/XMLSchema">
                <ItemId>entitymodel\packages</ItemId>
                <Url>\::Entity Model::Packages</Url>
                <BundleItemType>Container</BundleItemType>
                <Caption>Packages</Caption>
              </PackagesContext>
              <children>
                <bundleItem modelId="a7bdd2d9-93b0-499d-9fd4-c3f7a5f94e28" itemTypeName="Sage.Platform.Orm.Entities.BundleSupport.PackageBundleItem, Sage.Platform">
                  <PackageBundleItem xmlns:xsi="http://www.w3.org/2001/XMLSchema-instance" xmlns:xsd="http://www.w3.org/2001/XMLSchema">
                    <ItemId>7ddc7cbe-e71d-483a-8599-6c5c483ee050</ItemId>
                    <Url>\Entity Model\Saleslogix Application Entities\SalesLogix Application Entities.T.package.xml</Url>
                    <BundleItemType>Context</BundleItemType>
                    <Caption>Saleslogix Application Entities</Caption>
                  </PackageBundleItem>
                  <children>
                    <bundleItem modelId="a7bdd2d9-93b0-499d-9fd4-c3f7a5f94e28" itemTypeName="Sage.Platform.Orm.Entities.BundleSupport.EntityBundleItem, Sage.Platform">
                      <EntityBundleItem xmlns:xsi="http://www.w3.org/2001/XMLSchema-instance" xmlns:xsd="http://www.w3.org/2001/XMLSchema">
                        <ItemId>9978dd0a-4b45-44a9-aba8-b50c75ed1b84</ItemId>
                        <Url>\Entity Model\Saleslogix Application Entities\NavHistory\NavHistory.NAVHISTORY.entity.xml</Url>
                        <BundleItemType>ModelItem</BundleItemType>
                        <Caption>NavHistory</Caption>
                      </EntityBundleItem>
                      <children>
                        <bundleItem modelId="a7bdd2d9-93b0-499d-9fd4-c3f7a5f94e28" itemTypeName="Sage.Platform.Orm.Entities.BundleSupport.EntitySubFolderContext, Sage.Platform">
                          <EntitySubFolderContext xmlns:xsi="http://www.w3.org/2001/XMLSchema-instance" xmlns:xsd="http://www.w3.org/2001/XMLSchema">
                            <ItemId>9978dd0a-4b45-44a9-aba8-b50c75ed1b84properties</ItemId>
                            <Url>\Entity Model\Saleslogix Application Entities\NavHistory\NavHistory.NAVHISTORY.entity.xml::Properties</Url>
                            <BundleItemType>Container</BundleItemType>
                            <Caption>Properties</Caption>
                            <ParentUrl>\Entity Model\Saleslogix Application Entities\NavHistory\NavHistory.NAVHISTORY.entity.xml</ParentUrl>
                            <CaptionKey>properties</CaptionKey>
                          </EntitySubFolderContext>
                          <children>
                            <bundleItem modelId="a7bdd2d9-93b0-499d-9fd4-c3f7a5f94e28" itemTypeName="Sage.Platform.Orm.Entities.BundleSupport.PropertyBundleItem, Sage.Platform">
                              <PropertyBundleItem xmlns:xsi="http://www.w3.org/2001/XMLSchema-instance" xmlns:xsd="http://www.w3.org/2001/XMLSchema">
                                <ItemId>277a22b1-b997-4d96-924a-2c79f1c82175</ItemId>
                                <Url>\Entity Model\Saleslogix Application Entities\NavHistory\NavHistory.NAVHISTORY.entity.xml::Properties::Navhistoryid</Url>
                                <BundleItemType>Other</BundleItemType>
                                <Caption>Navhistoryid</Caption>
                                <SerializationOptions>RecurseChildren</SerializationOptions>
                                <InstallOptions>RecurseChildren</InstallOptions>
                              </PropertyBundleItem>
                            </bundleItem>
                            <bundleItem modelId="a7bdd2d9-93b0-499d-9fd4-c3f7a5f94e28" itemTypeName="Sage.Platform.Orm.Entities.BundleSupport.PropertyBundleItem, Sage.Platform">
                              <PropertyBundleItem xmlns:xsi="http://www.w3.org/2001/XMLSchema-instance" xmlns:xsd="http://www.w3.org/2001/XMLSchema">
                                <ItemId>2f2b5b63-6e3e-404c-8407-7a2caf4a766e</ItemId>
                                <Url>\Entity Model\Saleslogix Application Entities\NavHistory\NavHistory.NAVHISTORY.entity.xml::Properties::CreateUser</Url>
                                <BundleItemType>Other</BundleItemType>
                                <Caption>CreateUser</Caption>
                                <SerializationOptions>RecurseChildren</SerializationOptions>
                                <InstallOptions>RecurseChildren</InstallOptions>
                              </PropertyBundleItem>
                            </bundleItem>
                            <bundleItem modelId="a7bdd2d9-93b0-499d-9fd4-c3f7a5f94e28" itemTypeName="Sage.Platform.Orm.Entities.BundleSupport.PropertyBundleItem, Sage.Platform">
                              <PropertyBundleItem xmlns:xsi="http://www.w3.org/2001/XMLSchema-instance" xmlns:xsd="http://www.w3.org/2001/XMLSchema">
                                <ItemId>0f2b8c4c-cd74-431f-95c1-c31aa988ac95</ItemId>
                                <Url>\Entity Model\Saleslogix Application Entities\NavHistory\NavHistory.NAVHISTORY.entity.xml::Properties::CreateDate</Url>
                                <BundleItemType>Other</BundleItemType>
                                <Caption>CreateDate</Caption>
                                <SerializationOptions>RecurseChildren</SerializationOptions>
                                <InstallOptions>RecurseChildren</InstallOptions>
                              </PropertyBundleItem>
                            </bundleItem>
                            <bundleItem modelId="a7bdd2d9-93b0-499d-9fd4-c3f7a5f94e28" itemTypeName="Sage.Platform.Orm.Entities.BundleSupport.PropertyBundleItem, Sage.Platform">
                              <PropertyBundleItem xmlns:xsi="http://www.w3.org/2001/XMLSchema-instance" xmlns:xsd="http://www.w3.org/2001/XMLSchema">
                                <ItemId>4d4b7754-28d3-4183-94af-fc41ea4ac568</ItemId>
                                <Url>\Entity Model\Saleslogix Application Entities\NavHistory\NavHistory.NAVHISTORY.entity.xml::Properties::ModifyUser</Url>
                                <BundleItemType>Other</BundleItemType>
                                <Caption>ModifyUser</Caption>
                                <SerializationOptions>RecurseChildren</SerializationOptions>
                                <InstallOptions>RecurseChildren</InstallOptions>
                              </PropertyBundleItem>
                            </bundleItem>
                            <bundleItem modelId="a7bdd2d9-93b0-499d-9fd4-c3f7a5f94e28" itemTypeName="Sage.Platform.Orm.Entities.BundleSupport.PropertyBundleItem, Sage.Platform">
                              <PropertyBundleItem xmlns:xsi="http://www.w3.org/2001/XMLSchema-instance" xmlns:xsd="http://www.w3.org/2001/XMLSchema">
                                <ItemId>fd7af621-90c9-4ed2-a283-28247f2767d9</ItemId>
                                <Url>\Entity Model\Saleslogix Application Entities\NavHistory\NavHistory.NAVHISTORY.entity.xml::Properties::ModifyDate</Url>
                                <BundleItemType>Other</BundleItemType>
                                <Caption>ModifyDate</Caption>
                                <SerializationOptions>RecurseChildren</SerializationOptions>
                                <InstallOptions>RecurseChildren</InstallOptions>
                              </PropertyBundleItem>
                            </bundleItem>
                            <bundleItem modelId="a7bdd2d9-93b0-499d-9fd4-c3f7a5f94e28" itemTypeName="Sage.Platform.Orm.Entities.BundleSupport.PropertyBundleItem, Sage.Platform">
                              <PropertyBundleItem xmlns:xsi="http://www.w3.org/2001/XMLSchema-instance" xmlns:xsd="http://www.w3.org/2001/XMLSchema">
                                <ItemId>e53d86c1-af27-42b2-87c1-69cd1c022aca</ItemId>
                                <Url>\Entity Model\Saleslogix Application Entities\NavHistory\NavHistory.NAVHISTORY.entity.xml::Properties::UserId</Url>
                                <BundleItemType>Other</BundleItemType>
                                <Caption>UserId</Caption>
                                <SerializationOptions>RecurseChildren</SerializationOptions>
                                <InstallOptions>RecurseChildren</InstallOptions>
                              </PropertyBundleItem>
                            </bundleItem>
                            <bundleItem modelId="a7bdd2d9-93b0-499d-9fd4-c3f7a5f94e28" itemTypeName="Sage.Platform.Orm.Entities.BundleSupport.PropertyBundleItem, Sage.Platform">
                              <PropertyBundleItem xmlns:xsi="http://www.w3.org/2001/XMLSchema-instance" xmlns:xsd="http://www.w3.org/2001/XMLSchema">
                                <ItemId>4c2024d9-1be9-4fb7-aa72-f2576a4339e2</ItemId>
                                <Url>\Entity Model\Saleslogix Application Entities\NavHistory\NavHistory.NAVHISTORY.entity.xml::Properties::UserName</Url>
                                <BundleItemType>Other</BundleItemType>
                                <Caption>UserName</Caption>
                                <SerializationOptions>RecurseChildren</SerializationOptions>
                                <InstallOptions>RecurseChildren</InstallOptions>
                              </PropertyBundleItem>
                            </bundleItem>
                            <bundleItem modelId="a7bdd2d9-93b0-499d-9fd4-c3f7a5f94e28" itemTypeName="Sage.Platform.Orm.Entities.BundleSupport.PropertyBundleItem, Sage.Platform">
                              <PropertyBundleItem xmlns:xsi="http://www.w3.org/2001/XMLSchema-instance" xmlns:xsd="http://www.w3.org/2001/XMLSchema">
                                <ItemId>7165d416-64d4-4948-9f0c-47b7b1ef7d53</ItemId>
                                <Url>\Entity Model\Saleslogix Application Entities\NavHistory\NavHistory.NAVHISTORY.entity.xml::Properties::Description</Url>
                                <BundleItemType>Other</BundleItemType>
                                <Caption>Description</Caption>
                                <SerializationOptions>RecurseChildren</SerializationOptions>
                                <InstallOptions>RecurseChildren</InstallOptions>
                              </PropertyBundleItem>
                            </bundleItem>
                            <bundleItem modelId="a7bdd2d9-93b0-499d-9fd4-c3f7a5f94e28" itemTypeName="Sage.Platform.Orm.Entities.BundleSupport.PropertyBundleItem, Sage.Platform">
                              <PropertyBundleItem xmlns:xsi="http://www.w3.org/2001/XMLSchema-instance" xmlns:xsd="http://www.w3.org/2001/XMLSchema">
                                <ItemId>a3627e91-c101-4ddf-a2df-64003684053a</ItemId>
                                <Url>\Entity Model\Saleslogix Application Entities\NavHistory\NavHistory.NAVHISTORY.entity.xml::Properties::Application</Url>
                                <BundleItemType>Other</BundleItemType>
                                <Caption>Application</Caption>
                                <SerializationOptions>RecurseChildren</SerializationOptions>
                                <InstallOptions>RecurseChildren</InstallOptions>
                              </PropertyBundleItem>
                            </bundleItem>
                            <bundleItem modelId="a7bdd2d9-93b0-499d-9fd4-c3f7a5f94e28" itemTypeName="Sage.Platform.Orm.Entities.BundleSupport.PropertyBundleItem, Sage.Platform">
                              <PropertyBundleItem xmlns:xsi="http://www.w3.org/2001/XMLSchema-instance" xmlns:xsd="http://www.w3.org/2001/XMLSchema">
                                <ItemId>437a1fca-1644-46ca-ba86-b8123e6bdfb9</ItemId>
                                <Url>\Entity Model\Saleslogix Application Entities\NavHistory\NavHistory.NAVHISTORY.entity.xml::Properties::NavFrom</Url>
                                <BundleItemType>Other</BundleItemType>
                                <Caption>NavFrom</Caption>
                                <SerializationOptions>RecurseChildren</SerializationOptions>
                                <InstallOptions>RecurseChildren</InstallOptions>
                              </PropertyBundleItem>
                            </bundleItem>
                            <bundleItem modelId="a7bdd2d9-93b0-499d-9fd4-c3f7a5f94e28" itemTypeName="Sage.Platform.Orm.Entities.BundleSupport.PropertyBundleItem, Sage.Platform">
                              <PropertyBundleItem xmlns:xsi="http://www.w3.org/2001/XMLSchema-instance" xmlns:xsd="http://www.w3.org/2001/XMLSchema">
                                <ItemId>dc694cfe-f32e-45b2-b82d-0c002bdda4e4</ItemId>
                                <Url>\Entity Model\Saleslogix Application Entities\NavHistory\NavHistory.NAVHISTORY.entity.xml::Properties::NavTo</Url>
                                <BundleItemType>Other</BundleItemType>
                                <Caption>NavTo</Caption>
                                <SerializationOptions>RecurseChildren</SerializationOptions>
                                <InstallOptions>RecurseChildren</InstallOptions>
                              </PropertyBundleItem>
                            </bundleItem>
                            <bundleItem modelId="a7bdd2d9-93b0-499d-9fd4-c3f7a5f94e28" itemTypeName="Sage.Platform.Orm.Entities.BundleSupport.PropertyBundleItem, Sage.Platform">
                              <PropertyBundleItem xmlns:xsi="http://www.w3.org/2001/XMLSchema-instance" xmlns:xsd="http://www.w3.org/2001/XMLSchema">
                                <ItemId>6088c770-24b7-437f-b566-3a040730e945</ItemId>
                                <Url>\Entity Model\Saleslogix Application Entities\NavHistory\NavHistory.NAVHISTORY.entity.xml::Properties::Context</Url>
                                <BundleItemType>Other</BundleItemType>
                                <Caption>Context</Caption>
                                <SerializationOptions>RecurseChildren</SerializationOptions>
                                <InstallOptions>RecurseChildren</InstallOptions>
                              </PropertyBundleItem>
                            </bundleItem>
                            <bundleItem modelId="a7bdd2d9-93b0-499d-9fd4-c3f7a5f94e28" itemTypeName="Sage.Platform.Orm.Entities.BundleSupport.PropertyBundleItem, Sage.Platform">
                              <PropertyBundleItem xmlns:xsi="http://www.w3.org/2001/XMLSchema-instance" xmlns:xsd="http://www.w3.org/2001/XMLSchema">
                                <ItemId>d56cc2b9-1787-4355-a99c-261fb2b94a56</ItemId>
                                <Url>\Entity Model\Saleslogix Application Entities\NavHistory\NavHistory.NAVHISTORY.entity.xml::Properties::FromContext</Url>
                                <BundleItemType>Other</BundleItemType>
                                <Caption>FromContext</Caption>
                                <SerializationOptions>RecurseChildren</SerializationOptions>
                                <InstallOptions>RecurseChildren</InstallOptions>
                              </PropertyBundleItem>
                            </bundleItem>
                            <bundleItem modelId="a7bdd2d9-93b0-499d-9fd4-c3f7a5f94e28" itemTypeName="Sage.Platform.Orm.Entities.BundleSupport.PropertyBundleItem, Sage.Platform">
                              <PropertyBundleItem xmlns:xsi="http://www.w3.org/2001/XMLSchema-instance" xmlns:xsd="http://www.w3.org/2001/XMLSchema">
                                <ItemId>34e91335-ccfc-4b4e-9ef2-cca40e511bca</ItemId>
                                <Url>\Entity Model\Saleslogix Application Entities\NavHistory\NavHistory.NAVHISTORY.entity.xml::Properties::Subject</Url>
                                <BundleItemType>Other</BundleItemType>
                                <Caption>Subject</Caption>
                                <SerializationOptions>RecurseChildren</SerializationOptions>
                                <InstallOptions>RecurseChildren</InstallOptions>
                              </PropertyBundleItem>
                            </bundleItem>
                            <bundleItem modelId="a7bdd2d9-93b0-499d-9fd4-c3f7a5f94e28" itemTypeName="Sage.Platform.Orm.Entities.BundleSupport.PropertyBundleItem, Sage.Platform">
                              <PropertyBundleItem xmlns:xsi="http://www.w3.org/2001/XMLSchema-instance" xmlns:xsd="http://www.w3.org/2001/XMLSchema">
                                <ItemId>934fe0b2-ca71-4544-9f1b-ab2d7e64cfc5</ItemId>
                                <Url>\Entity Model\Saleslogix Application Entities\NavHistory\NavHistory.NAVHISTORY.entity.xml::Properties::Category</Url>
                                <BundleItemType>Other</BundleItemType>
                                <Caption>Category</Caption>
                                <SerializationOptions>RecurseChildren</SerializationOptions>
                                <InstallOptions>RecurseChildren</InstallOptions>
                              </PropertyBundleItem>
                            </bundleItem>
                            <bundleItem modelId="a7bdd2d9-93b0-499d-9fd4-c3f7a5f94e28" itemTypeName="Sage.Platform.Orm.Entities.BundleSupport.PropertyBundleItem, Sage.Platform">
                              <PropertyBundleItem xmlns:xsi="http://www.w3.org/2001/XMLSchema-instance" xmlns:xsd="http://www.w3.org/2001/XMLSchema">
                                <ItemId>c3941cf5-c8a5-45e4-b191-0375665b67b9</ItemId>
                                <Url>\Entity Model\Saleslogix Application Entities\NavHistory\NavHistory.NAVHISTORY.entity.xml::Properties::Area</Url>
                                <BundleItemType>Other</BundleItemType>
                                <Caption>Area</Caption>
                                <SerializationOptions>RecurseChildren</SerializationOptions>
                                <InstallOptions>RecurseChildren</InstallOptions>
                              </PropertyBundleItem>
                            </bundleItem>
                            <bundleItem modelId="a7bdd2d9-93b0-499d-9fd4-c3f7a5f94e28" itemTypeName="Sage.Platform.Orm.Entities.BundleSupport.PropertyBundleItem, Sage.Platform">
                              <PropertyBundleItem xmlns:xsi="http://www.w3.org/2001/XMLSchema-instance" xmlns:xsd="http://www.w3.org/2001/XMLSchema">
                                <ItemId>10a6ad76-527a-4d35-a2d1-f407f3570be5</ItemId>
                                <Url>\Entity Model\Saleslogix Application Entities\NavHistory\NavHistory.NAVHISTORY.entity.xml::Properties::EntityId</Url>
                                <BundleItemType>Other</BundleItemType>
                                <Caption>EntityId</Caption>
                                <SerializationOptions>RecurseChildren</SerializationOptions>
                                <InstallOptions>RecurseChildren</InstallOptions>
                              </PropertyBundleItem>
                            </bundleItem>
                            <bundleItem modelId="a7bdd2d9-93b0-499d-9fd4-c3f7a5f94e28" itemTypeName="Sage.Platform.Orm.Entities.BundleSupport.PropertyBundleItem, Sage.Platform">
                              <PropertyBundleItem xmlns:xsi="http://www.w3.org/2001/XMLSchema-instance" xmlns:xsd="http://www.w3.org/2001/XMLSchema">
                                <ItemId>17903cea-fd43-4c14-98ec-22cf59562f54</ItemId>
                                <Url>\Entity Model\Saleslogix Application Entities\NavHistory\NavHistory.NAVHISTORY.entity.xml::Properties::EntityType</Url>
                                <BundleItemType>Other</BundleItemType>
                                <Caption>EntityType</Caption>
                                <SerializationOptions>RecurseChildren</SerializationOptions>
                                <InstallOptions>RecurseChildren</InstallOptions>
                              </PropertyBundleItem>
                            </bundleItem>
                            <bundleItem modelId="a7bdd2d9-93b0-499d-9fd4-c3f7a5f94e28" itemTypeName="Sage.Platform.Orm.Entities.BundleSupport.PropertyBundleItem, Sage.Platform">
                              <PropertyBundleItem xmlns:xsi="http://www.w3.org/2001/XMLSchema-instance" xmlns:xsd="http://www.w3.org/2001/XMLSchema">
                                <ItemId>08b1b3e0-2255-433d-afab-dec2ed2799e7</ItemId>
                                <Url>\Entity Model\Saleslogix Application Entities\NavHistory\NavHistory.NAVHISTORY.entity.xml::Properties::ResourceKind</Url>
                                <BundleItemType>Other</BundleItemType>
                                <Caption>ResourceKind</Caption>
                                <SerializationOptions>RecurseChildren</SerializationOptions>
                                <InstallOptions>RecurseChildren</InstallOptions>
                              </PropertyBundleItem>
                            </bundleItem>
                            <bundleItem modelId="a7bdd2d9-93b0-499d-9fd4-c3f7a5f94e28" itemTypeName="Sage.Platform.Orm.Entities.BundleSupport.PropertyBundleItem, Sage.Platform">
                              <PropertyBundleItem xmlns:xsi="http://www.w3.org/2001/XMLSchema-instance" xmlns:xsd="http://www.w3.org/2001/XMLSchema">
                                <ItemId>0c4b7bc7-e0b4-4595-93d5-cb8c63bb083f</ItemId>
                                <Url>\Entity Model\Saleslogix Application Entities\NavHistory\NavHistory.NAVHISTORY.entity.xml::Properties::ViewId</Url>
                                <BundleItemType>Other</BundleItemType>
                                <Caption>ViewId</Caption>
                                <SerializationOptions>RecurseChildren</SerializationOptions>
                                <InstallOptions>RecurseChildren</InstallOptions>
                              </PropertyBundleItem>
                            </bundleItem>
                            <bundleItem modelId="a7bdd2d9-93b0-499d-9fd4-c3f7a5f94e28" itemTypeName="Sage.Platform.Orm.Entities.BundleSupport.PropertyBundleItem, Sage.Platform">
                              <PropertyBundleItem xmlns:xsi="http://www.w3.org/2001/XMLSchema-instance" xmlns:xsd="http://www.w3.org/2001/XMLSchema">
                                <ItemId>2d1bf8cb-bd06-4904-9175-c2807013947a</ItemId>
                                <Url>\Entity Model\Saleslogix Application Entities\NavHistory\NavHistory.NAVHISTORY.entity.xml::Properties::ViewName</Url>
                                <BundleItemType>Other</BundleItemType>
                                <Caption>ViewName</Caption>
                                <SerializationOptions>RecurseChildren</SerializationOptions>
                                <InstallOptions>RecurseChildren</InstallOptions>
                              </PropertyBundleItem>
                            </bundleItem>
                          </children>
                        </bundleItem>
                        <bundleItem modelId="a7bdd2d9-93b0-499d-9fd4-c3f7a5f94e28" itemTypeName="Sage.Platform.Orm.Entities.BundleSupport.EntitySubFolderContext, Sage.Platform">
                          <EntitySubFolderContext xmlns:xsi="http://www.w3.org/2001/XMLSchema-instance" xmlns:xsd="http://www.w3.org/2001/XMLSchema">
                            <ItemId>9978dd0a-4b45-44a9-aba8-b50c75ed1b84rules</ItemId>
                            <Url>\Entity Model\Saleslogix Application Entities\NavHistory\NavHistory.NAVHISTORY.entity.xml::Business Rules</Url>
                            <BundleItemType>Container</BundleItemType>
                            <Caption>Business Rules</Caption>
                            <ParentUrl>\Entity Model\Saleslogix Application Entities\NavHistory\NavHistory.NAVHISTORY.entity.xml</ParentUrl>
                            <CaptionKey>rules</CaptionKey>
                          </EntitySubFolderContext>
                        </bundleItem>
                        <bundleItem modelId="a7bdd2d9-93b0-499d-9fd4-c3f7a5f94e28" itemTypeName="Sage.Platform.Orm.Entities.BundleSupport.EntitySubFolderContext, Sage.Platform">
                          <EntitySubFolderContext xmlns:xsi="http://www.w3.org/2001/XMLSchema-instance" xmlns:xsd="http://www.w3.org/2001/XMLSchema">
                            <ItemId>9978dd0a-4b45-44a9-aba8-b50c75ed1b84events</ItemId>
                            <Url>\Entity Model\Saleslogix Application Entities\NavHistory\NavHistory.NAVHISTORY.entity.xml::Events</Url>
                            <BundleItemType>Container</BundleItemType>
                            <Caption>Events</Caption>
                            <ParentUrl>\Entity Model\Saleslogix Application Entities\NavHistory\NavHistory.NAVHISTORY.entity.xml</ParentUrl>
                            <CaptionKey>events</CaptionKey>
                          </EntitySubFolderContext>
                          <children>
                            <bundleItem modelId="a7bdd2d9-93b0-499d-9fd4-c3f7a5f94e28" itemTypeName="Sage.Platform.Orm.Entities.BundleSupport.BusinessRuleBundleItem, Sage.Platform">
                              <BusinessRuleBundleItem xmlns:xsi="http://www.w3.org/2001/XMLSchema-instance" xmlns:xsd="http://www.w3.org/2001/XMLSchema">
                                <ItemId>0666a29e-b008-4951-8bc1-623bead54f2c</ItemId>
                                <Url>\Entity Model\Saleslogix Application Entities\NavHistory\OnAfterDelete.method.xml</Url>
                                <BundleItemType>ModelItem</BundleItemType>
                                <Caption>OnAfterDelete</Caption>
                              </BusinessRuleBundleItem>
                              <children>
                                <bundleItem modelId="a7bdd2d9-93b0-499d-9fd4-c3f7a5f94e28" itemTypeName="Sage.Platform.Orm.Entities.BundleSupport.StepsSubFolderContext, Sage.Platform">
                                  <StepsSubFolderContext xmlns:xsi="http://www.w3.org/2001/XMLSchema-instance" xmlns:xsd="http://www.w3.org/2001/XMLSchema">
                                    <ItemId>0666a29e-b008-4951-8bc1-623bead54f2cpre</ItemId>
                                    <Url>\Entity Model\Saleslogix Application Entities\NavHistory\OnAfterDelete.method.xml::Pre Execute Steps</Url>
                                    <BundleItemType>Container</BundleItemType>
                                    <Caption>Pre Execute Steps</Caption>
                                    <ParentUrl>\Entity Model\Saleslogix Application Entities\NavHistory\OnAfterDelete.method.xml</ParentUrl>
                                    <CaptionKey>pre</CaptionKey>
                                  </StepsSubFolderContext>
                                </bundleItem>
                                <bundleItem modelId="a7bdd2d9-93b0-499d-9fd4-c3f7a5f94e28" itemTypeName="Sage.Platform.Orm.Entities.BundleSupport.StepsSubFolderContext, Sage.Platform">
                                  <StepsSubFolderContext xmlns:xsi="http://www.w3.org/2001/XMLSchema-instance" xmlns:xsd="http://www.w3.org/2001/XMLSchema">
                                    <ItemId>0666a29e-b008-4951-8bc1-623bead54f2cprimary</ItemId>
                                    <Url>\Entity Model\Saleslogix Application Entities\NavHistory\OnAfterDelete.method.xml::Primary Steps</Url>
                                    <BundleItemType>Container</BundleItemType>
                                    <Caption>Primary Steps</Caption>
                                    <ParentUrl>\Entity Model\Saleslogix Application Entities\NavHistory\OnAfterDelete.method.xml</ParentUrl>
                                    <CaptionKey>primary</CaptionKey>
                                  </StepsSubFolderContext>
                                  <children>
                                    <bundleItem modelId="a7bdd2d9-93b0-499d-9fd4-c3f7a5f94e28" itemTypeName="Sage.Platform.Orm.Entities.BundleSupport.BusinessRuleStepBundleItem, Sage.Platform">
                                      <BusinessRuleStepBundleItem xmlns:xsi="http://www.w3.org/2001/XMLSchema-instance" xmlns:xsd="http://www.w3.org/2001/XMLSchema">
                                        <ItemId>eb323622-40e6-4361-90af-8dcc43451e2d</ItemId>
                                        <Url>\Entity Model\Saleslogix Application Entities\NavHistory\OnAfterDelete.method.xml::Primary Steps::OnAfterDelete</Url>
                                        <BundleItemType>Other</BundleItemType>
                                        <Caption>OnAfterDelete</Caption>
                                        <SerializationOptions>ProcessDependentUrls</SerializationOptions>
                                        <InstallOptions>ProcessDependentUrls</InstallOptions>
                                      </BusinessRuleStepBundleItem>
                                    </bundleItem>
                                  </children>
                                </bundleItem>
                                <bundleItem modelId="a7bdd2d9-93b0-499d-9fd4-c3f7a5f94e28" itemTypeName="Sage.Platform.Orm.Entities.BundleSupport.StepsSubFolderContext, Sage.Platform">
                                  <StepsSubFolderContext xmlns:xsi="http://www.w3.org/2001/XMLSchema-instance" xmlns:xsd="http://www.w3.org/2001/XMLSchema">
                                    <ItemId>0666a29e-b008-4951-8bc1-623bead54f2cpost</ItemId>
                                    <Url>\Entity Model\Saleslogix Application Entities\NavHistory\OnAfterDelete.method.xml::Post Execute Steps</Url>
                                    <BundleItemType>Container</BundleItemType>
                                    <Caption>Post Execute Steps</Caption>
                                    <ParentUrl>\Entity Model\Saleslogix Application Entities\NavHistory\OnAfterDelete.method.xml</ParentUrl>
                                    <CaptionKey>post</CaptionKey>
                                  </StepsSubFolderContext>
                                </bundleItem>
                                <bundleItem modelId="a7bdd2d9-93b0-499d-9fd4-c3f7a5f94e28" itemTypeName="Sage.Platform.Orm.Entities.BundleSupport.StepsSubFolderContext, Sage.Platform">
                                  <StepsSubFolderContext xmlns:xsi="http://www.w3.org/2001/XMLSchema-instance" xmlns:xsd="http://www.w3.org/2001/XMLSchema">
                                    <ItemId>0666a29e-b008-4951-8bc1-623bead54f2cpostflush</ItemId>
                                    <Url>\Entity Model\Saleslogix Application Entities\NavHistory\OnAfterDelete.method.xml::Post Flush Steps</Url>
                                    <BundleItemType>Container</BundleItemType>
                                    <Caption>Post Flush Steps</Caption>
                                    <ParentUrl>\Entity Model\Saleslogix Application Entities\NavHistory\OnAfterDelete.method.xml</ParentUrl>
                                    <CaptionKey>postflush</CaptionKey>
                                  </StepsSubFolderContext>
                                </bundleItem>
                              </children>
                            </bundleItem>
                            <bundleItem modelId="a7bdd2d9-93b0-499d-9fd4-c3f7a5f94e28" itemTypeName="Sage.Platform.Orm.Entities.BundleSupport.BusinessRuleBundleItem, Sage.Platform">
                              <BusinessRuleBundleItem xmlns:xsi="http://www.w3.org/2001/XMLSchema-instance" xmlns:xsd="http://www.w3.org/2001/XMLSchema">
                                <ItemId>cc756458-c7cb-42ac-9844-65364e5a3953</ItemId>
                                <Url>\Entity Model\Saleslogix Application Entities\NavHistory\OnAfterInsert.method.xml</Url>
                                <BundleItemType>ModelItem</BundleItemType>
                                <Caption>OnAfterInsert</Caption>
                              </BusinessRuleBundleItem>
                              <children>
                                <bundleItem modelId="a7bdd2d9-93b0-499d-9fd4-c3f7a5f94e28" itemTypeName="Sage.Platform.Orm.Entities.BundleSupport.StepsSubFolderContext, Sage.Platform">
                                  <StepsSubFolderContext xmlns:xsi="http://www.w3.org/2001/XMLSchema-instance" xmlns:xsd="http://www.w3.org/2001/XMLSchema">
                                    <ItemId>cc756458-c7cb-42ac-9844-65364e5a3953pre</ItemId>
                                    <Url>\Entity Model\Saleslogix Application Entities\NavHistory\OnAfterInsert.method.xml::Pre Execute Steps</Url>
                                    <BundleItemType>Container</BundleItemType>
                                    <Caption>Pre Execute Steps</Caption>
                                    <ParentUrl>\Entity Model\Saleslogix Application Entities\NavHistory\OnAfterInsert.method.xml</ParentUrl>
                                    <CaptionKey>pre</CaptionKey>
                                  </StepsSubFolderContext>
                                </bundleItem>
                                <bundleItem modelId="a7bdd2d9-93b0-499d-9fd4-c3f7a5f94e28" itemTypeName="Sage.Platform.Orm.Entities.BundleSupport.StepsSubFolderContext, Sage.Platform">
                                  <StepsSubFolderContext xmlns:xsi="http://www.w3.org/2001/XMLSchema-instance" xmlns:xsd="http://www.w3.org/2001/XMLSchema">
                                    <ItemId>cc756458-c7cb-42ac-9844-65364e5a3953primary</ItemId>
                                    <Url>\Entity Model\Saleslogix Application Entities\NavHistory\OnAfterInsert.method.xml::Primary Steps</Url>
                                    <BundleItemType>Container</BundleItemType>
                                    <Caption>Primary Steps</Caption>
                                    <ParentUrl>\Entity Model\Saleslogix Application Entities\NavHistory\OnAfterInsert.method.xml</ParentUrl>
                                    <CaptionKey>primary</CaptionKey>
                                  </StepsSubFolderContext>
                                  <children>
                                    <bundleItem modelId="a7bdd2d9-93b0-499d-9fd4-c3f7a5f94e28" itemTypeName="Sage.Platform.Orm.Entities.BundleSupport.BusinessRuleStepBundleItem, Sage.Platform">
                                      <BusinessRuleStepBundleItem xmlns:xsi="http://www.w3.org/2001/XMLSchema-instance" xmlns:xsd="http://www.w3.org/2001/XMLSchema">
                                        <ItemId>b4e2f572-69dc-4525-bbc1-3eab263854b6</ItemId>
                                        <Url>\Entity Model\Saleslogix Application Entities\NavHistory\OnAfterInsert.method.xml::Primary Steps::OnAfterInsert</Url>
                                        <BundleItemType>Other</BundleItemType>
                                        <Caption>OnAfterInsert</Caption>
                                        <SerializationOptions>ProcessDependentUrls</SerializationOptions>
                                        <InstallOptions>ProcessDependentUrls</InstallOptions>
                                      </BusinessRuleStepBundleItem>
                                    </bundleItem>
                                  </children>
                                </bundleItem>
                                <bundleItem modelId="a7bdd2d9-93b0-499d-9fd4-c3f7a5f94e28" itemTypeName="Sage.Platform.Orm.Entities.BundleSupport.StepsSubFolderContext, Sage.Platform">
                                  <StepsSubFolderContext xmlns:xsi="http://www.w3.org/2001/XMLSchema-instance" xmlns:xsd="http://www.w3.org/2001/XMLSchema">
                                    <ItemId>cc756458-c7cb-42ac-9844-65364e5a3953post</ItemId>
                                    <Url>\Entity Model\Saleslogix Application Entities\NavHistory\OnAfterInsert.method.xml::Post Execute Steps</Url>
                                    <BundleItemType>Container</BundleItemType>
                                    <Caption>Post Execute Steps</Caption>
                                    <ParentUrl>\Entity Model\Saleslogix Application Entities\NavHistory\OnAfterInsert.method.xml</ParentUrl>
                                    <CaptionKey>post</CaptionKey>
                                  </StepsSubFolderContext>
                                </bundleItem>
                                <bundleItem modelId="a7bdd2d9-93b0-499d-9fd4-c3f7a5f94e28" itemTypeName="Sage.Platform.Orm.Entities.BundleSupport.StepsSubFolderContext, Sage.Platform">
                                  <StepsSubFolderContext xmlns:xsi="http://www.w3.org/2001/XMLSchema-instance" xmlns:xsd="http://www.w3.org/2001/XMLSchema">
                                    <ItemId>cc756458-c7cb-42ac-9844-65364e5a3953postflush</ItemId>
                                    <Url>\Entity Model\Saleslogix Application Entities\NavHistory\OnAfterInsert.method.xml::Post Flush Steps</Url>
                                    <BundleItemType>Container</BundleItemType>
                                    <Caption>Post Flush Steps</Caption>
                                    <ParentUrl>\Entity Model\Saleslogix Application Entities\NavHistory\OnAfterInsert.method.xml</ParentUrl>
                                    <CaptionKey>postflush</CaptionKey>
                                  </StepsSubFolderContext>
                                </bundleItem>
                              </children>
                            </bundleItem>
                            <bundleItem modelId="a7bdd2d9-93b0-499d-9fd4-c3f7a5f94e28" itemTypeName="Sage.Platform.Orm.Entities.BundleSupport.BusinessRuleBundleItem, Sage.Platform">
                              <BusinessRuleBundleItem xmlns:xsi="http://www.w3.org/2001/XMLSchema-instance" xmlns:xsd="http://www.w3.org/2001/XMLSchema">
                                <ItemId>c42bf115-74d2-4c76-a5a6-4b13a124ead6</ItemId>
                                <Url>\Entity Model\Saleslogix Application Entities\NavHistory\OnAfterUpdate.method.xml</Url>
                                <BundleItemType>ModelItem</BundleItemType>
                                <Caption>OnAfterUpdate</Caption>
                              </BusinessRuleBundleItem>
                              <children>
                                <bundleItem modelId="a7bdd2d9-93b0-499d-9fd4-c3f7a5f94e28" itemTypeName="Sage.Platform.Orm.Entities.BundleSupport.StepsSubFolderContext, Sage.Platform">
                                  <StepsSubFolderContext xmlns:xsi="http://www.w3.org/2001/XMLSchema-instance" xmlns:xsd="http://www.w3.org/2001/XMLSchema">
                                    <ItemId>c42bf115-74d2-4c76-a5a6-4b13a124ead6pre</ItemId>
                                    <Url>\Entity Model\Saleslogix Application Entities\NavHistory\OnAfterUpdate.method.xml::Pre Execute Steps</Url>
                                    <BundleItemType>Container</BundleItemType>
                                    <Caption>Pre Execute Steps</Caption>
                                    <ParentUrl>\Entity Model\Saleslogix Application Entities\NavHistory\OnAfterUpdate.method.xml</ParentUrl>
                                    <CaptionKey>pre</CaptionKey>
                                  </StepsSubFolderContext>
                                </bundleItem>
                                <bundleItem modelId="a7bdd2d9-93b0-499d-9fd4-c3f7a5f94e28" itemTypeName="Sage.Platform.Orm.Entities.BundleSupport.StepsSubFolderContext, Sage.Platform">
                                  <StepsSubFolderContext xmlns:xsi="http://www.w3.org/2001/XMLSchema-instance" xmlns:xsd="http://www.w3.org/2001/XMLSchema">
                                    <ItemId>c42bf115-74d2-4c76-a5a6-4b13a124ead6primary</ItemId>
                                    <Url>\Entity Model\Saleslogix Application Entities\NavHistory\OnAfterUpdate.method.xml::Primary Steps</Url>
                                    <BundleItemType>Container</BundleItemType>
                                    <Caption>Primary Steps</Caption>
                                    <ParentUrl>\Entity Model\Saleslogix Application Entities\NavHistory\OnAfterUpdate.method.xml</ParentUrl>
                                    <CaptionKey>primary</CaptionKey>
                                  </StepsSubFolderContext>
                                  <children>
                                    <bundleItem modelId="a7bdd2d9-93b0-499d-9fd4-c3f7a5f94e28" itemTypeName="Sage.Platform.Orm.Entities.BundleSupport.BusinessRuleStepBundleItem, Sage.Platform">
                                      <BusinessRuleStepBundleItem xmlns:xsi="http://www.w3.org/2001/XMLSchema-instance" xmlns:xsd="http://www.w3.org/2001/XMLSchema">
                                        <ItemId>38bb2f30-76df-41e2-84b8-cc31dd16205a</ItemId>
                                        <Url>\Entity Model\Saleslogix Application Entities\NavHistory\OnAfterUpdate.method.xml::Primary Steps::OnAfterUpdate</Url>
                                        <BundleItemType>Other</BundleItemType>
                                        <Caption>OnAfterUpdate</Caption>
                                        <SerializationOptions>ProcessDependentUrls</SerializationOptions>
                                        <InstallOptions>ProcessDependentUrls</InstallOptions>
                                      </BusinessRuleStepBundleItem>
                                    </bundleItem>
                                  </children>
                                </bundleItem>
                                <bundleItem modelId="a7bdd2d9-93b0-499d-9fd4-c3f7a5f94e28" itemTypeName="Sage.Platform.Orm.Entities.BundleSupport.StepsSubFolderContext, Sage.Platform">
                                  <StepsSubFolderContext xmlns:xsi="http://www.w3.org/2001/XMLSchema-instance" xmlns:xsd="http://www.w3.org/2001/XMLSchema">
                                    <ItemId>c42bf115-74d2-4c76-a5a6-4b13a124ead6post</ItemId>
                                    <Url>\Entity Model\Saleslogix Application Entities\NavHistory\OnAfterUpdate.method.xml::Post Execute Steps</Url>
                                    <BundleItemType>Container</BundleItemType>
                                    <Caption>Post Execute Steps</Caption>
                                    <ParentUrl>\Entity Model\Saleslogix Application Entities\NavHistory\OnAfterUpdate.method.xml</ParentUrl>
                                    <CaptionKey>post</CaptionKey>
                                  </StepsSubFolderContext>
                                </bundleItem>
                                <bundleItem modelId="a7bdd2d9-93b0-499d-9fd4-c3f7a5f94e28" itemTypeName="Sage.Platform.Orm.Entities.BundleSupport.StepsSubFolderContext, Sage.Platform">
                                  <StepsSubFolderContext xmlns:xsi="http://www.w3.org/2001/XMLSchema-instance" xmlns:xsd="http://www.w3.org/2001/XMLSchema">
                                    <ItemId>c42bf115-74d2-4c76-a5a6-4b13a124ead6postflush</ItemId>
                                    <Url>\Entity Model\Saleslogix Application Entities\NavHistory\OnAfterUpdate.method.xml::Post Flush Steps</Url>
                                    <BundleItemType>Container</BundleItemType>
                                    <Caption>Post Flush Steps</Caption>
                                    <ParentUrl>\Entity Model\Saleslogix Application Entities\NavHistory\OnAfterUpdate.method.xml</ParentUrl>
                                    <CaptionKey>postflush</CaptionKey>
                                  </StepsSubFolderContext>
                                </bundleItem>
                              </children>
                            </bundleItem>
                            <bundleItem modelId="a7bdd2d9-93b0-499d-9fd4-c3f7a5f94e28" itemTypeName="Sage.Platform.Orm.Entities.BundleSupport.BusinessRuleBundleItem, Sage.Platform">
                              <BusinessRuleBundleItem xmlns:xsi="http://www.w3.org/2001/XMLSchema-instance" xmlns:xsd="http://www.w3.org/2001/XMLSchema">
                                <ItemId>9ed90e66-7f7a-436e-a480-4e57d499ed3d</ItemId>
                                <Url>\Entity Model\Saleslogix Application Entities\NavHistory\OnBeforeDelete.method.xml</Url>
                                <BundleItemType>ModelItem</BundleItemType>
                                <Caption>OnBeforeDelete</Caption>
                              </BusinessRuleBundleItem>
                              <children>
                                <bundleItem modelId="a7bdd2d9-93b0-499d-9fd4-c3f7a5f94e28" itemTypeName="Sage.Platform.Orm.Entities.BundleSupport.StepsSubFolderContext, Sage.Platform">
                                  <StepsSubFolderContext xmlns:xsi="http://www.w3.org/2001/XMLSchema-instance" xmlns:xsd="http://www.w3.org/2001/XMLSchema">
                                    <ItemId>9ed90e66-7f7a-436e-a480-4e57d499ed3dpre</ItemId>
                                    <Url>\Entity Model\Saleslogix Application Entities\NavHistory\OnBeforeDelete.method.xml::Pre Execute Steps</Url>
                                    <BundleItemType>Container</BundleItemType>
                                    <Caption>Pre Execute Steps</Caption>
                                    <ParentUrl>\Entity Model\Saleslogix Application Entities\NavHistory\OnBeforeDelete.method.xml</ParentUrl>
                                    <CaptionKey>pre</CaptionKey>
                                  </StepsSubFolderContext>
                                </bundleItem>
                                <bundleItem modelId="a7bdd2d9-93b0-499d-9fd4-c3f7a5f94e28" itemTypeName="Sage.Platform.Orm.Entities.BundleSupport.StepsSubFolderContext, Sage.Platform">
                                  <StepsSubFolderContext xmlns:xsi="http://www.w3.org/2001/XMLSchema-instance" xmlns:xsd="http://www.w3.org/2001/XMLSchema">
                                    <ItemId>9ed90e66-7f7a-436e-a480-4e57d499ed3dprimary</ItemId>
                                    <Url>\Entity Model\Saleslogix Application Entities\NavHistory\OnBeforeDelete.method.xml::Primary Steps</Url>
                                    <BundleItemType>Container</BundleItemType>
                                    <Caption>Primary Steps</Caption>
                                    <ParentUrl>\Entity Model\Saleslogix Application Entities\NavHistory\OnBeforeDelete.method.xml</ParentUrl>
                                    <CaptionKey>primary</CaptionKey>
                                  </StepsSubFolderContext>
                                  <children>
                                    <bundleItem modelId="a7bdd2d9-93b0-499d-9fd4-c3f7a5f94e28" itemTypeName="Sage.Platform.Orm.Entities.BundleSupport.BusinessRuleStepBundleItem, Sage.Platform">
                                      <BusinessRuleStepBundleItem xmlns:xsi="http://www.w3.org/2001/XMLSchema-instance" xmlns:xsd="http://www.w3.org/2001/XMLSchema">
                                        <ItemId>63072b8f-4c75-45d8-87fb-a0c99379ec7c</ItemId>
                                        <Url>\Entity Model\Saleslogix Application Entities\NavHistory\OnBeforeDelete.method.xml::Primary Steps::OnBeforeDelete</Url>
                                        <BundleItemType>Other</BundleItemType>
                                        <Caption>OnBeforeDelete</Caption>
                                        <SerializationOptions>ProcessDependentUrls</SerializationOptions>
                                        <InstallOptions>ProcessDependentUrls</InstallOptions>
                                      </BusinessRuleStepBundleItem>
                                    </bundleItem>
                                  </children>
                                </bundleItem>
                                <bundleItem modelId="a7bdd2d9-93b0-499d-9fd4-c3f7a5f94e28" itemTypeName="Sage.Platform.Orm.Entities.BundleSupport.StepsSubFolderContext, Sage.Platform">
                                  <StepsSubFolderContext xmlns:xsi="http://www.w3.org/2001/XMLSchema-instance" xmlns:xsd="http://www.w3.org/2001/XMLSchema">
                                    <ItemId>9ed90e66-7f7a-436e-a480-4e57d499ed3dpost</ItemId>
                                    <Url>\Entity Model\Saleslogix Application Entities\NavHistory\OnBeforeDelete.method.xml::Post Execute Steps</Url>
                                    <BundleItemType>Container</BundleItemType>
                                    <Caption>Post Execute Steps</Caption>
                                    <ParentUrl>\Entity Model\Saleslogix Application Entities\NavHistory\OnBeforeDelete.method.xml</ParentUrl>
                                    <CaptionKey>post</CaptionKey>
                                  </StepsSubFolderContext>
                                </bundleItem>
                                <bundleItem modelId="a7bdd2d9-93b0-499d-9fd4-c3f7a5f94e28" itemTypeName="Sage.Platform.Orm.Entities.BundleSupport.StepsSubFolderContext, Sage.Platform">
                                  <StepsSubFolderContext xmlns:xsi="http://www.w3.org/2001/XMLSchema-instance" xmlns:xsd="http://www.w3.org/2001/XMLSchema">
                                    <ItemId>9ed90e66-7f7a-436e-a480-4e57d499ed3dpostflush</ItemId>
                                    <Url>\Entity Model\Saleslogix Application Entities\NavHistory\OnBeforeDelete.method.xml::Post Flush Steps</Url>
                                    <BundleItemType>Container</BundleItemType>
                                    <Caption>Post Flush Steps</Caption>
                                    <ParentUrl>\Entity Model\Saleslogix Application Entities\NavHistory\OnBeforeDelete.method.xml</ParentUrl>
                                    <CaptionKey>postflush</CaptionKey>
                                  </StepsSubFolderContext>
                                </bundleItem>
                              </children>
                            </bundleItem>
                            <bundleItem modelId="a7bdd2d9-93b0-499d-9fd4-c3f7a5f94e28" itemTypeName="Sage.Platform.Orm.Entities.BundleSupport.BusinessRuleBundleItem, Sage.Platform">
                              <BusinessRuleBundleItem xmlns:xsi="http://www.w3.org/2001/XMLSchema-instance" xmlns:xsd="http://www.w3.org/2001/XMLSchema">
                                <ItemId>640870ce-d88b-4386-a18b-6a8163ebe589</ItemId>
                                <Url>\Entity Model\Saleslogix Application Entities\NavHistory\OnBeforeInsert.method.xml</Url>
                                <BundleItemType>ModelItem</BundleItemType>
                                <Caption>OnBeforeInsert</Caption>
                              </BusinessRuleBundleItem>
                              <children>
                                <bundleItem modelId="a7bdd2d9-93b0-499d-9fd4-c3f7a5f94e28" itemTypeName="Sage.Platform.Orm.Entities.BundleSupport.StepsSubFolderContext, Sage.Platform">
                                  <StepsSubFolderContext xmlns:xsi="http://www.w3.org/2001/XMLSchema-instance" xmlns:xsd="http://www.w3.org/2001/XMLSchema">
                                    <ItemId>640870ce-d88b-4386-a18b-6a8163ebe589pre</ItemId>
                                    <Url>\Entity Model\Saleslogix Application Entities\NavHistory\OnBeforeInsert.method.xml::Pre Execute Steps</Url>
                                    <BundleItemType>Container</BundleItemType>
                                    <Caption>Pre Execute Steps</Caption>
                                    <ParentUrl>\Entity Model\Saleslogix Application Entities\NavHistory\OnBeforeInsert.method.xml</ParentUrl>
                                    <CaptionKey>pre</CaptionKey>
                                  </StepsSubFolderContext>
                                </bundleItem>
                                <bundleItem modelId="a7bdd2d9-93b0-499d-9fd4-c3f7a5f94e28" itemTypeName="Sage.Platform.Orm.Entities.BundleSupport.StepsSubFolderContext, Sage.Platform">
                                  <StepsSubFolderContext xmlns:xsi="http://www.w3.org/2001/XMLSchema-instance" xmlns:xsd="http://www.w3.org/2001/XMLSchema">
                                    <ItemId>640870ce-d88b-4386-a18b-6a8163ebe589primary</ItemId>
                                    <Url>\Entity Model\Saleslogix Application Entities\NavHistory\OnBeforeInsert.method.xml::Primary Steps</Url>
                                    <BundleItemType>Container</BundleItemType>
                                    <Caption>Primary Steps</Caption>
                                    <ParentUrl>\Entity Model\Saleslogix Application Entities\NavHistory\OnBeforeInsert.method.xml</ParentUrl>
                                    <CaptionKey>primary</CaptionKey>
                                  </StepsSubFolderContext>
                                  <children>
                                    <bundleItem modelId="a7bdd2d9-93b0-499d-9fd4-c3f7a5f94e28" itemTypeName="Sage.Platform.Orm.Entities.BundleSupport.BusinessRuleStepBundleItem, Sage.Platform">
                                      <BusinessRuleStepBundleItem xmlns:xsi="http://www.w3.org/2001/XMLSchema-instance" xmlns:xsd="http://www.w3.org/2001/XMLSchema">
                                        <ItemId>05f94d0d-0783-4680-8671-62ae136eeaac</ItemId>
                                        <Url>\Entity Model\Saleslogix Application Entities\NavHistory\OnBeforeInsert.method.xml::Primary Steps::OnBeforeInsert</Url>
                                        <BundleItemType>Other</BundleItemType>
                                        <Caption>OnBeforeInsert</Caption>
                                        <SerializationOptions>ProcessDependentUrls</SerializationOptions>
                                        <InstallOptions>ProcessDependentUrls</InstallOptions>
                                      </BusinessRuleStepBundleItem>
                                    </bundleItem>
                                  </children>
                                </bundleItem>
                                <bundleItem modelId="a7bdd2d9-93b0-499d-9fd4-c3f7a5f94e28" itemTypeName="Sage.Platform.Orm.Entities.BundleSupport.StepsSubFolderContext, Sage.Platform">
                                  <StepsSubFolderContext xmlns:xsi="http://www.w3.org/2001/XMLSchema-instance" xmlns:xsd="http://www.w3.org/2001/XMLSchema">
                                    <ItemId>640870ce-d88b-4386-a18b-6a8163ebe589post</ItemId>
                                    <Url>\Entity Model\Saleslogix Application Entities\NavHistory\OnBeforeInsert.method.xml::Post Execute Steps</Url>
                                    <BundleItemType>Container</BundleItemType>
                                    <Caption>Post Execute Steps</Caption>
                                    <ParentUrl>\Entity Model\Saleslogix Application Entities\NavHistory\OnBeforeInsert.method.xml</ParentUrl>
                                    <CaptionKey>post</CaptionKey>
                                  </StepsSubFolderContext>
                                </bundleItem>
                                <bundleItem modelId="a7bdd2d9-93b0-499d-9fd4-c3f7a5f94e28" itemTypeName="Sage.Platform.Orm.Entities.BundleSupport.StepsSubFolderContext, Sage.Platform">
                                  <StepsSubFolderContext xmlns:xsi="http://www.w3.org/2001/XMLSchema-instance" xmlns:xsd="http://www.w3.org/2001/XMLSchema">
                                    <ItemId>640870ce-d88b-4386-a18b-6a8163ebe589postflush</ItemId>
                                    <Url>\Entity Model\Saleslogix Application Entities\NavHistory\OnBeforeInsert.method.xml::Post Flush Steps</Url>
                                    <BundleItemType>Container</BundleItemType>
                                    <Caption>Post Flush Steps</Caption>
                                    <ParentUrl>\Entity Model\Saleslogix Application Entities\NavHistory\OnBeforeInsert.method.xml</ParentUrl>
                                    <CaptionKey>postflush</CaptionKey>
                                  </StepsSubFolderContext>
                                </bundleItem>
                              </children>
                            </bundleItem>
                            <bundleItem modelId="a7bdd2d9-93b0-499d-9fd4-c3f7a5f94e28" itemTypeName="Sage.Platform.Orm.Entities.BundleSupport.BusinessRuleBundleItem, Sage.Platform">
                              <BusinessRuleBundleItem xmlns:xsi="http://www.w3.org/2001/XMLSchema-instance" xmlns:xsd="http://www.w3.org/2001/XMLSchema">
                                <ItemId>f652ffda-011a-48bb-8110-7fc994a9a783</ItemId>
                                <Url>\Entity Model\Saleslogix Application Entities\NavHistory\OnBeforeUpdate.method.xml</Url>
                                <BundleItemType>ModelItem</BundleItemType>
                                <Caption>OnBeforeUpdate</Caption>
                              </BusinessRuleBundleItem>
                              <children>
                                <bundleItem modelId="a7bdd2d9-93b0-499d-9fd4-c3f7a5f94e28" itemTypeName="Sage.Platform.Orm.Entities.BundleSupport.StepsSubFolderContext, Sage.Platform">
                                  <StepsSubFolderContext xmlns:xsi="http://www.w3.org/2001/XMLSchema-instance" xmlns:xsd="http://www.w3.org/2001/XMLSchema">
                                    <ItemId>f652ffda-011a-48bb-8110-7fc994a9a783pre</ItemId>
                                    <Url>\Entity Model\Saleslogix Application Entities\NavHistory\OnBeforeUpdate.method.xml::Pre Execute Steps</Url>
                                    <BundleItemType>Container</BundleItemType>
                                    <Caption>Pre Execute Steps</Caption>
                                    <ParentUrl>\Entity Model\Saleslogix Application Entities\NavHistory\OnBeforeUpdate.method.xml</ParentUrl>
                                    <CaptionKey>pre</CaptionKey>
                                  </StepsSubFolderContext>
                                </bundleItem>
                                <bundleItem modelId="a7bdd2d9-93b0-499d-9fd4-c3f7a5f94e28" itemTypeName="Sage.Platform.Orm.Entities.BundleSupport.StepsSubFolderContext, Sage.Platform">
                                  <StepsSubFolderContext xmlns:xsi="http://www.w3.org/2001/XMLSchema-instance" xmlns:xsd="http://www.w3.org/2001/XMLSchema">
                                    <ItemId>f652ffda-011a-48bb-8110-7fc994a9a783primary</ItemId>
                                    <Url>\Entity Model\Saleslogix Application Entities\NavHistory\OnBeforeUpdate.method.xml::Primary Steps</Url>
                                    <BundleItemType>Container</BundleItemType>
                                    <Caption>Primary Steps</Caption>
                                    <ParentUrl>\Entity Model\Saleslogix Application Entities\NavHistory\OnBeforeUpdate.method.xml</ParentUrl>
                                    <CaptionKey>primary</CaptionKey>
                                  </StepsSubFolderContext>
                                  <children>
                                    <bundleItem modelId="a7bdd2d9-93b0-499d-9fd4-c3f7a5f94e28" itemTypeName="Sage.Platform.Orm.Entities.BundleSupport.BusinessRuleStepBundleItem, Sage.Platform">
                                      <BusinessRuleStepBundleItem xmlns:xsi="http://www.w3.org/2001/XMLSchema-instance" xmlns:xsd="http://www.w3.org/2001/XMLSchema">
                                        <ItemId>a99b76b7-ba23-4993-97c7-576256a80f89</ItemId>
                                        <Url>\Entity Model\Saleslogix Application Entities\NavHistory\OnBeforeUpdate.method.xml::Primary Steps::OnBeforeUpdate</Url>
                                        <BundleItemType>Other</BundleItemType>
                                        <Caption>OnBeforeUpdate</Caption>
                                        <SerializationOptions>ProcessDependentUrls</SerializationOptions>
                                        <InstallOptions>ProcessDependentUrls</InstallOptions>
                                      </BusinessRuleStepBundleItem>
                                    </bundleItem>
                                  </children>
                                </bundleItem>
                                <bundleItem modelId="a7bdd2d9-93b0-499d-9fd4-c3f7a5f94e28" itemTypeName="Sage.Platform.Orm.Entities.BundleSupport.StepsSubFolderContext, Sage.Platform">
                                  <StepsSubFolderContext xmlns:xsi="http://www.w3.org/2001/XMLSchema-instance" xmlns:xsd="http://www.w3.org/2001/XMLSchema">
                                    <ItemId>f652ffda-011a-48bb-8110-7fc994a9a783post</ItemId>
                                    <Url>\Entity Model\Saleslogix Application Entities\NavHistory\OnBeforeUpdate.method.xml::Post Execute Steps</Url>
                                    <BundleItemType>Container</BundleItemType>
                                    <Caption>Post Execute Steps</Caption>
                                    <ParentUrl>\Entity Model\Saleslogix Application Entities\NavHistory\OnBeforeUpdate.method.xml</ParentUrl>
                                    <CaptionKey>post</CaptionKey>
                                  </StepsSubFolderContext>
                                </bundleItem>
                                <bundleItem modelId="a7bdd2d9-93b0-499d-9fd4-c3f7a5f94e28" itemTypeName="Sage.Platform.Orm.Entities.BundleSupport.StepsSubFolderContext, Sage.Platform">
                                  <StepsSubFolderContext xmlns:xsi="http://www.w3.org/2001/XMLSchema-instance" xmlns:xsd="http://www.w3.org/2001/XMLSchema">
                                    <ItemId>f652ffda-011a-48bb-8110-7fc994a9a783postflush</ItemId>
                                    <Url>\Entity Model\Saleslogix Application Entities\NavHistory\OnBeforeUpdate.method.xml::Post Flush Steps</Url>
                                    <BundleItemType>Container</BundleItemType>
                                    <Caption>Post Flush Steps</Caption>
                                    <ParentUrl>\Entity Model\Saleslogix Application Entities\NavHistory\OnBeforeUpdate.method.xml</ParentUrl>
                                    <CaptionKey>postflush</CaptionKey>
                                  </StepsSubFolderContext>
                                </bundleItem>
                              </children>
                            </bundleItem>
                            <bundleItem modelId="a7bdd2d9-93b0-499d-9fd4-c3f7a5f94e28" itemTypeName="Sage.Platform.Orm.Entities.BundleSupport.BusinessRuleBundleItem, Sage.Platform">
                              <BusinessRuleBundleItem xmlns:xsi="http://www.w3.org/2001/XMLSchema-instance" xmlns:xsd="http://www.w3.org/2001/XMLSchema">
                                <ItemId>cf6fcb2b-d95c-4144-8aa5-5f0f813c24df</ItemId>
                                <Url>\Entity Model\Saleslogix Application Entities\NavHistory\OnCreate.method.xml</Url>
                                <BundleItemType>ModelItem</BundleItemType>
                                <Caption>OnCreate</Caption>
                              </BusinessRuleBundleItem>
                              <children>
                                <bundleItem modelId="a7bdd2d9-93b0-499d-9fd4-c3f7a5f94e28" itemTypeName="Sage.Platform.Orm.Entities.BundleSupport.StepsSubFolderContext, Sage.Platform">
                                  <StepsSubFolderContext xmlns:xsi="http://www.w3.org/2001/XMLSchema-instance" xmlns:xsd="http://www.w3.org/2001/XMLSchema">
                                    <ItemId>cf6fcb2b-d95c-4144-8aa5-5f0f813c24dfpre</ItemId>
                                    <Url>\Entity Model\Saleslogix Application Entities\NavHistory\OnCreate.method.xml::Pre Execute Steps</Url>
                                    <BundleItemType>Container</BundleItemType>
                                    <Caption>Pre Execute Steps</Caption>
                                    <ParentUrl>\Entity Model\Saleslogix Application Entities\NavHistory\OnCreate.method.xml</ParentUrl>
                                    <CaptionKey>pre</CaptionKey>
                                  </StepsSubFolderContext>
                                </bundleItem>
                                <bundleItem modelId="a7bdd2d9-93b0-499d-9fd4-c3f7a5f94e28" itemTypeName="Sage.Platform.Orm.Entities.BundleSupport.StepsSubFolderContext, Sage.Platform">
                                  <StepsSubFolderContext xmlns:xsi="http://www.w3.org/2001/XMLSchema-instance" xmlns:xsd="http://www.w3.org/2001/XMLSchema">
                                    <ItemId>cf6fcb2b-d95c-4144-8aa5-5f0f813c24dfprimary</ItemId>
                                    <Url>\Entity Model\Saleslogix Application Entities\NavHistory\OnCreate.method.xml::Primary Steps</Url>
                                    <BundleItemType>Container</BundleItemType>
                                    <Caption>Primary Steps</Caption>
                                    <ParentUrl>\Entity Model\Saleslogix Application Entities\NavHistory\OnCreate.method.xml</ParentUrl>
                                    <CaptionKey>primary</CaptionKey>
                                  </StepsSubFolderContext>
                                  <children>
                                    <bundleItem modelId="a7bdd2d9-93b0-499d-9fd4-c3f7a5f94e28" itemTypeName="Sage.Platform.Orm.Entities.BundleSupport.BusinessRuleStepBundleItem, Sage.Platform">
                                      <BusinessRuleStepBundleItem xmlns:xsi="http://www.w3.org/2001/XMLSchema-instance" xmlns:xsd="http://www.w3.org/2001/XMLSchema">
                                        <ItemId>59ba76d0-93b2-41be-8efe-be9fe66c9929</ItemId>
                                        <Url>\Entity Model\Saleslogix Application Entities\NavHistory\OnCreate.method.xml::Primary Steps::OnCreate</Url>
                                        <BundleItemType>Other</BundleItemType>
                                        <Caption>OnCreate</Caption>
                                        <SerializationOptions>ProcessDependentUrls</SerializationOptions>
                                        <InstallOptions>ProcessDependentUrls</InstallOptions>
                                      </BusinessRuleStepBundleItem>
                                    </bundleItem>
                                  </children>
                                </bundleItem>
                                <bundleItem modelId="a7bdd2d9-93b0-499d-9fd4-c3f7a5f94e28" itemTypeName="Sage.Platform.Orm.Entities.BundleSupport.StepsSubFolderContext, Sage.Platform">
                                  <StepsSubFolderContext xmlns:xsi="http://www.w3.org/2001/XMLSchema-instance" xmlns:xsd="http://www.w3.org/2001/XMLSchema">
                                    <ItemId>cf6fcb2b-d95c-4144-8aa5-5f0f813c24dfpost</ItemId>
                                    <Url>\Entity Model\Saleslogix Application Entities\NavHistory\OnCreate.method.xml::Post Execute Steps</Url>
                                    <BundleItemType>Container</BundleItemType>
                                    <Caption>Post Execute Steps</Caption>
                                    <ParentUrl>\Entity Model\Saleslogix Application Entities\NavHistory\OnCreate.method.xml</ParentUrl>
                                    <CaptionKey>post</CaptionKey>
                                  </StepsSubFolderContext>
                                </bundleItem>
                                <bundleItem modelId="a7bdd2d9-93b0-499d-9fd4-c3f7a5f94e28" itemTypeName="Sage.Platform.Orm.Entities.BundleSupport.StepsSubFolderContext, Sage.Platform">
                                  <StepsSubFolderContext xmlns:xsi="http://www.w3.org/2001/XMLSchema-instance" xmlns:xsd="http://www.w3.org/2001/XMLSchema">
                                    <ItemId>cf6fcb2b-d95c-4144-8aa5-5f0f813c24dfpostflush</ItemId>
                                    <Url>\Entity Model\Saleslogix Application Entities\NavHistory\OnCreate.method.xml::Post Flush Steps</Url>
                                    <BundleItemType>Container</BundleItemType>
                                    <Caption>Post Flush Steps</Caption>
                                    <ParentUrl>\Entity Model\Saleslogix Application Entities\NavHistory\OnCreate.method.xml</ParentUrl>
                                    <CaptionKey>postflush</CaptionKey>
                                  </StepsSubFolderContext>
                                </bundleItem>
                              </children>
                            </bundleItem>
                          </children>
                        </bundleItem>
                        <bundleItem modelId="a7bdd2d9-93b0-499d-9fd4-c3f7a5f94e28" itemTypeName="Sage.Platform.Orm.Entities.BundleSupport.EntitySubFolderContext, Sage.Platform">
                          <EntitySubFolderContext xmlns:xsi="http://www.w3.org/2001/XMLSchema-instance" xmlns:xsd="http://www.w3.org/2001/XMLSchema">
                            <ItemId>9978dd0a-4b45-44a9-aba8-b50c75ed1b84filters</ItemId>
                            <Url>\Entity Model\Saleslogix Application Entities\NavHistory\NavHistory.NAVHISTORY.entity.xml::Filters</Url>
                            <BundleItemType>Container</BundleItemType>
                            <Caption>Filters</Caption>
                            <ParentUrl>\Entity Model\Saleslogix Application Entities\NavHistory\NavHistory.NAVHISTORY.entity.xml</ParentUrl>
                            <CaptionKey>filters</CaptionKey>
                          </EntitySubFolderContext>
                          <children>
                            <bundleItem modelId="a7bdd2d9-93b0-499d-9fd4-c3f7a5f94e28" itemTypeName="Sage.Platform.Orm.Entities.BundleSupport.FilterBundleItem, Sage.Platform">
                              <FilterBundleItem xmlns:xsi="http://www.w3.org/2001/XMLSchema-instance" xmlns:xsd="http://www.w3.org/2001/XMLSchema">
                                <ItemId>4c9551eb-c3a4-49aa-bf0d-fca1f68ae192</ItemId>
                                <Url>\Entity Model\Saleslogix Application Entities\NavHistory\Area.filter.xml</Url>
                                <BundleItemType>ModelItem</BundleItemType>
                                <Caption>Area</Caption>
                              </FilterBundleItem>
                            </bundleItem>
                            <bundleItem modelId="a7bdd2d9-93b0-499d-9fd4-c3f7a5f94e28" itemTypeName="Sage.Platform.Orm.Entities.BundleSupport.FilterBundleItem, Sage.Platform">
                              <FilterBundleItem xmlns:xsi="http://www.w3.org/2001/XMLSchema-instance" xmlns:xsd="http://www.w3.org/2001/XMLSchema">
                                <ItemId>1c378488-aef4-4ae5-84d0-b1c5b41abf25</ItemId>
                                <Url>\Entity Model\Saleslogix Application Entities\NavHistory\Category.filter.xml</Url>
                                <BundleItemType>ModelItem</BundleItemType>
                                <Caption>Category</Caption>
                              </FilterBundleItem>
                            </bundleItem>
                            <bundleItem modelId="a7bdd2d9-93b0-499d-9fd4-c3f7a5f94e28" itemTypeName="Sage.Platform.Orm.Entities.BundleSupport.FilterBundleItem, Sage.Platform">
                              <FilterBundleItem xmlns:xsi="http://www.w3.org/2001/XMLSchema-instance" xmlns:xsd="http://www.w3.org/2001/XMLSchema">
                                <ItemId>4a369edc-7891-42b3-bb43-840917295cc3</ItemId>
                                <Url>\Entity Model\Saleslogix Application Entities\NavHistory\Description.filter.xml</Url>
                                <BundleItemType>ModelItem</BundleItemType>
                                <Caption>Description</Caption>
                              </FilterBundleItem>
                            </bundleItem>
                            <bundleItem modelId="a7bdd2d9-93b0-499d-9fd4-c3f7a5f94e28" itemTypeName="Sage.Platform.Orm.Entities.BundleSupport.FilterBundleItem, Sage.Platform">
                              <FilterBundleItem xmlns:xsi="http://www.w3.org/2001/XMLSchema-instance" xmlns:xsd="http://www.w3.org/2001/XMLSchema">
                                <ItemId>b869f468-c054-4d4d-b12f-90da77ffb589</ItemId>
                                <Url>\Entity Model\Saleslogix Application Entities\NavHistory\EntityId.filter.xml</Url>
                                <BundleItemType>ModelItem</BundleItemType>
                                <Caption>EntityId</Caption>
                              </FilterBundleItem>
                            </bundleItem>
                            <bundleItem modelId="a7bdd2d9-93b0-499d-9fd4-c3f7a5f94e28" itemTypeName="Sage.Platform.Orm.Entities.BundleSupport.FilterBundleItem, Sage.Platform">
                              <FilterBundleItem xmlns:xsi="http://www.w3.org/2001/XMLSchema-instance" xmlns:xsd="http://www.w3.org/2001/XMLSchema">
                                <ItemId>cde1b945-7541-4228-8efb-fad94ea3b7f5</ItemId>
                                <Url>\Entity Model\Saleslogix Application Entities\NavHistory\EntityType.filter.xml</Url>
                                <BundleItemType>ModelItem</BundleItemType>
                                <Caption>EntityType</Caption>
                              </FilterBundleItem>
                            </bundleItem>
                            <bundleItem modelId="a7bdd2d9-93b0-499d-9fd4-c3f7a5f94e28" itemTypeName="Sage.Platform.Orm.Entities.BundleSupport.FilterBundleItem, Sage.Platform">
                              <FilterBundleItem xmlns:xsi="http://www.w3.org/2001/XMLSchema-instance" xmlns:xsd="http://www.w3.org/2001/XMLSchema">
                                <ItemId>2cda0179-18f1-481a-af1a-a9a85c008dea</ItemId>
                                <Url>\Entity Model\Saleslogix Application Entities\NavHistory\NavCount.filter.xml</Url>
                                <BundleItemType>ModelItem</BundleItemType>
                                <Caption>NavCount</Caption>
                              </FilterBundleItem>
                            </bundleItem>
                            <bundleItem modelId="a7bdd2d9-93b0-499d-9fd4-c3f7a5f94e28" itemTypeName="Sage.Platform.Orm.Entities.BundleSupport.FilterBundleItem, Sage.Platform">
                              <FilterBundleItem xmlns:xsi="http://www.w3.org/2001/XMLSchema-instance" xmlns:xsd="http://www.w3.org/2001/XMLSchema">
                                <ItemId>53e92df5-6bf6-4480-8f5d-03462455feb4</ItemId>
                                <Url>\Entity Model\Saleslogix Application Entities\NavHistory\ResourceKind.filter.xml</Url>
                                <BundleItemType>ModelItem</BundleItemType>
                                <Caption>ResourceKind</Caption>
                              </FilterBundleItem>
                            </bundleItem>
                            <bundleItem modelId="a7bdd2d9-93b0-499d-9fd4-c3f7a5f94e28" itemTypeName="Sage.Platform.Orm.Entities.BundleSupport.FilterBundleItem, Sage.Platform">
                              <FilterBundleItem xmlns:xsi="http://www.w3.org/2001/XMLSchema-instance" xmlns:xsd="http://www.w3.org/2001/XMLSchema">
                                <ItemId>5cb3e4ef-f4f5-4e69-a7f0-deb3b5107a4d</ItemId>
                                <Url>\Entity Model\Saleslogix Application Entities\NavHistory\Subject.filter.xml</Url>
                                <BundleItemType>ModelItem</BundleItemType>
                                <Caption>Subject</Caption>
                              </FilterBundleItem>
                            </bundleItem>
                            <bundleItem modelId="a7bdd2d9-93b0-499d-9fd4-c3f7a5f94e28" itemTypeName="Sage.Platform.Orm.Entities.BundleSupport.FilterBundleItem, Sage.Platform">
                              <FilterBundleItem xmlns:xsi="http://www.w3.org/2001/XMLSchema-instance" xmlns:xsd="http://www.w3.org/2001/XMLSchema">
                                <ItemId>625669ea-8563-41b8-9708-de6522bea2cb</ItemId>
                                <Url>\Entity Model\Saleslogix Application Entities\NavHistory\ViewType.filter.xml</Url>
                                <BundleItemType>ModelItem</BundleItemType>
                                <Caption>ViewType</Caption>
                              </FilterBundleItem>
                            </bundleItem>
                            <bundleItem modelId="a7bdd2d9-93b0-499d-9fd4-c3f7a5f94e28" itemTypeName="Sage.Platform.Orm.Entities.BundleSupport.FilterBundleItem, Sage.Platform">
                              <FilterBundleItem xmlns:xsi="http://www.w3.org/2001/XMLSchema-instance" xmlns:xsd="http://www.w3.org/2001/XMLSchema">
                                <ItemId>95286e55-1a50-4ba9-b4ba-e7d7bdaae385</ItemId>
                                <Url>\Entity Model\Saleslogix Application Entities\NavHistory\ViiewName.filter.xml</Url>
                                <BundleItemType>ModelItem</BundleItemType>
                                <Caption>ViiewName</Caption>
                              </FilterBundleItem>
                            </bundleItem>
                          </children>
                        </bundleItem>
                        <bundleItem modelId="a7bdd2d9-93b0-499d-9fd4-c3f7a5f94e28" itemTypeName="Sage.Platform.Orm.Entities.BundleSupport.EntitySubFolderContext, Sage.Platform">
                          <EntitySubFolderContext xmlns:xsi="http://www.w3.org/2001/XMLSchema-instance" xmlns:xsd="http://www.w3.org/2001/XMLSchema">
                            <ItemId>9978dd0a-4b45-44a9-aba8-b50c75ed1b84validationrules</ItemId>
                            <Url>\Entity Model\Saleslogix Application Entities\NavHistory\NavHistory.NAVHISTORY.entity.xml::Validation Rules</Url>
                            <BundleItemType>Container</BundleItemType>
                            <Caption>Validation Rules</Caption>
                            <ParentUrl>\Entity Model\Saleslogix Application Entities\NavHistory\NavHistory.NAVHISTORY.entity.xml</ParentUrl>
                            <CaptionKey>validationrules</CaptionKey>
                          </EntitySubFolderContext>
                        </bundleItem>
                      </children>
                    </bundleItem>
                  </children>
                </bundleItem>
              </children>
            </bundleItem>
          </children>
        </bundleItem>
      </children>
    </bundleItem>
  </bundleItemHierarchy>
  <bundleActionHierarchy>
    <bundleItem modelId="af988c91-97c8-4527-b072-e021c9e2cb1a" itemTypeName="Sage.Platform.BundleModel.RootBundleAction, Sage.Platform.BundleModel">
      <RootBundleAction xmlns:xsi="http://www.w3.org/2001/XMLSchema-instance" xmlns:xsd="http://www.w3.org/2001/XMLSchema">
        <ItemId>\Actions</ItemId>
        <Url>\Actions</Url>
        <BundleItemType>Container</BundleItemType>
        <Caption>Bundle Actions</Caption>
      </RootBundleAction>
    </bundleItem>
  </bundleActionHierarchy>
  <itemsToDelete />
  <globalResources />
</BundleManifest>